&#x1f600;	grinning
&#x1f600;	face
&#x1f601;	grinning
&#x1f601;	face
&#x1f601;	with
&#x1f601;	smiling
&#x1f601;	eyes
&#x1f602;	face
&#x1f602;	with
&#x1f602;	tears
&#x1f602;	of
&#x1f602;	joy
&#x1f603;	smiling
&#x1f603;	face
&#x1f603;	with
&#x1f603;	open
&#x1f603;	mouth
&#x1f604;	smiling
&#x1f604;	face
&#x1f604;	with
&#x1f604;	open
&#x1f604;	mouth
&#x1f604;	and
&#x1f604;	smiling
&#x1f604;	eyes
&#x1f605;	smiling
&#x1f605;	face
&#x1f605;	with
&#x1f605;	open
&#x1f605;	mouth
&#x1f605;	and
&#x1f605;	cold
&#x1f605;	sweat
&#x1f606;	smiling
&#x1f606;	face
&#x1f606;	with
&#x1f606;	open
&#x1f606;	mouth
&#x1f606;	and
&#x1f606;	tightly-closed
&#x1f606;	eyes
&#x1f609;	winking
&#x1f609;	face
&#x1f60a;	smiling
&#x1f60a;	face
&#x1f60a;	with
&#x1f60a;	smiling
&#x1f60a;	eyes
&#x1f60b;	face
&#x1f60b;	savouring
&#x1f60b;	delicious
&#x1f60b;	food
&#x1f60e;	smiling
&#x1f60e;	face
&#x1f60e;	with
&#x1f60e;	sunglasses
&#x1f60d;	smiling
&#x1f60d;	face
&#x1f60d;	with
&#x1f60d;	heart-shaped
&#x1f60d;	eyes
&#x1f618;	face
&#x1f618;	throwing
&#x1f618;	a
&#x1f618;	kiss
&#x1f617;	kissing
&#x1f617;	face
&#x1f619;	kissing
&#x1f619;	face
&#x1f619;	with
&#x1f619;	smiling
&#x1f619;	eyes
&#x1f61a;	kissing
&#x1f61a;	face
&#x1f61a;	with
&#x1f61a;	closed
&#x1f61a;	eyes
&#x263a;	white
&#x263a;	smiling
&#x263a;	face
&#x1f642;	slightly
&#x1f642;	smiling
&#x1f642;	face
&#x1f917;	hugging
&#x1f917;	face
&#x1f607;	smiling
&#x1f607;	face
&#x1f607;	with
&#x1f607;	halo
&#x1f914;	thinking
&#x1f914;	face
&#x1f610;	neutral
&#x1f610;	face
&#x1f611;	expressionless
&#x1f611;	face
&#x1f636;	face
&#x1f636;	without
&#x1f636;	mouth
&#x1f644;	face
&#x1f644;	with
&#x1f644;	rolling
&#x1f644;	eyes
&#x1f60f;	smirking
&#x1f60f;	face
&#x1f623;	persevering
&#x1f623;	face
&#x1f625;	disappointed
&#x1f625;	but
&#x1f625;	relieved
&#x1f625;	face
&#x1f62e;	face
&#x1f62e;	with
&#x1f62e;	open
&#x1f62e;	mouth
&#x1f910;	zipper-mouth
&#x1f910;	face
&#x1f62f;	hushed
&#x1f62f;	face
&#x1f62a;	sleepy
&#x1f62a;	face
&#x1f62b;	tired
&#x1f62b;	face
&#x1f634;	sleeping
&#x1f634;	face
&#x1f60c;	relieved
&#x1f60c;	face
&#x1f913;	nerd
&#x1f913;	face
&#x1f61b;	face
&#x1f61b;	with
&#x1f61b;	stuck-out
&#x1f61b;	tongue
&#x1f61c;	face
&#x1f61c;	with
&#x1f61c;	stuck-out
&#x1f61c;	tongue
&#x1f61c;	and
&#x1f61c;	winking
&#x1f61c;	eye
&#x1f61d;	face
&#x1f61d;	with
&#x1f61d;	stuck-out
&#x1f61d;	tongue
&#x1f61d;	and
&#x1f61d;	tightly-closed
&#x1f61d;	eyes
&#x2639;	white
&#x2639;	frowning
&#x2639;	face
&#x1f641;	slightly
&#x1f641;	frowning
&#x1f641;	face
&#x1f612;	unamused
&#x1f612;	face
&#x1f613;	face
&#x1f613;	with
&#x1f613;	cold
&#x1f613;	sweat
&#x1f614;	pensive
&#x1f614;	face
&#x1f615;	confused
&#x1f615;	face
&#x1f616;	confounded
&#x1f616;	face
&#x1f643;	upside-down
&#x1f643;	face
&#x1f637;	face
&#x1f637;	with
&#x1f637;	medical
&#x1f637;	mask
&#x1f912;	face
&#x1f912;	with
&#x1f912;	thermometer
&#x1f915;	face
&#x1f915;	with
&#x1f915;	head-bandage
&#x1f911;	money-mouth
&#x1f911;	face
&#x1f632;	astonished
&#x1f632;	face
&#x1f61e;	disappointed
&#x1f61e;	face
&#x1f61f;	worried
&#x1f61f;	face
&#x1f624;	face
&#x1f624;	with
&#x1f624;	look
&#x1f624;	of
&#x1f624;	triumph
&#x1f622;	crying
&#x1f622;	face
&#x1f62d;	loudly
&#x1f62d;	crying
&#x1f62d;	face
&#x1f626;	frowning
&#x1f626;	face
&#x1f626;	with
&#x1f626;	open
&#x1f626;	mouth
&#x1f627;	anguished
&#x1f627;	face
&#x1f628;	fearful
&#x1f628;	face
&#x1f629;	weary
&#x1f629;	face
&#x1f62c;	grimacing
&#x1f62c;	face
&#x1f630;	face
&#x1f630;	with
&#x1f630;	open
&#x1f630;	mouth
&#x1f630;	and
&#x1f630;	cold
&#x1f630;	sweat
&#x1f631;	face
&#x1f631;	screaming
&#x1f631;	in
&#x1f631;	fear
&#x1f633;	flushed
&#x1f633;	face
&#x1f635;	dizzy
&#x1f635;	face
&#x1f621;	pouting
&#x1f621;	face
&#x1f620;	angry
&#x1f620;	face
&#x1f47f;	imp
&#x1f608;	smiling
&#x1f608;	face
&#x1f608;	with
&#x1f608;	horns
&#x1f466;	boy
&#x1f467;	girl
&#x1f468;	man
&#x1f469;	woman
&#x1f474;	older
&#x1f474;	man
&#x1f475;	older
&#x1f475;	woman
&#x1f476;	baby
&#x1f471;	person
&#x1f471;	with
&#x1f471;	blond
&#x1f471;	hair
&#x1f46e;	police
&#x1f46e;	officer
&#x1f472;	man
&#x1f472;	with
&#x1f472;	gua
&#x1f472;	pi
&#x1f472;	mao
&#x1f473;	man
&#x1f473;	with
&#x1f473;	turban
&#x1f477;	construction
&#x1f477;	worker
&#x26d1;	helmet
&#x26d1;	with
&#x26d1;	white
&#x26d1;	cross
&#x1f478;	princess
&#x1f482;	guardsman
&#x1f385;	father
&#x1f385;	christmas
&#x1f47c;	baby
&#x1f47c;	angel
&#x1f575;	sleuth
&#x1f575;	or
&#x1f575;	spy
&#x1f46f;	woman
&#x1f46f;	with
&#x1f46f;	bunny
&#x1f46f;	ears
&#x1f486;	face
&#x1f486;	massage
&#x1f487;	haircut
&#x1f470;	bride
&#x1f470;	with
&#x1f470;	veil
&#x1f64d;	person
&#x1f64d;	frowning
&#x1f64e;	person
&#x1f64e;	with
&#x1f64e;	pouting
&#x1f64e;	face
&#x1f645;	face
&#x1f645;	with
&#x1f645;	no
&#x1f645;	good
&#x1f645;	gesture
&#x1f646;	face
&#x1f646;	with
&#x1f646;	ok
&#x1f646;	gesture
&#x1f481;	information
&#x1f481;	desk
&#x1f481;	person
&#x1f64b;	happy
&#x1f64b;	person
&#x1f64b;	raising
&#x1f64b;	one
&#x1f64b;	hand
&#x1f647;	person
&#x1f647;	bowing
&#x1f647;	deeply
&#x1f64c;	person
&#x1f64c;	raising
&#x1f64c;	both
&#x1f64c;	hands
&#x1f64c;	in
&#x1f64c;	celebration
&#x1f64f;	person
&#x1f64f;	with
&#x1f64f;	folded
&#x1f64f;	hands
&#x1f5e3;	speaking
&#x1f5e3;	head
&#x1f5e3;	in
&#x1f5e3;	silhouette
&#x1f464;	bust
&#x1f464;	in
&#x1f464;	silhouette
&#x1f465;	busts
&#x1f465;	in
&#x1f465;	silhouette
&#x1f6b6;	pedestrian
&#x1f3c3;	runner
&#x1f483;	dancer
&#x1f574;	man
&#x1f574;	in
&#x1f574;	business
&#x1f574;	suit
&#x1f574;	levitating
&#x1f48f;	kiss
&#x1f491;	couple
&#x1f491;	with
&#x1f491;	heart
&#x1f46a;	family
&#x1f46b;	man
&#x1f46b;	and
&#x1f46b;	woman
&#x1f46b;	holding
&#x1f46b;	hands
&#x1f46c;	two
&#x1f46c;	men
&#x1f46c;	holding
&#x1f46c;	hands
&#x1f46d;	two
&#x1f46d;	women
&#x1f46d;	holding
&#x1f46d;	hands
&#x1f3fb;	emoji
&#x1f3fb;	modifier
&#x1f3fb;	fitzpatrick
&#x1f3fb;	type-1-2
&#x1f3fc;	emoji
&#x1f3fc;	modifier
&#x1f3fc;	fitzpatrick
&#x1f3fc;	type-3
&#x1f3fd;	emoji
&#x1f3fd;	modifier
&#x1f3fd;	fitzpatrick
&#x1f3fd;	type-4
&#x1f3fe;	emoji
&#x1f3fe;	modifier
&#x1f3fe;	fitzpatrick
&#x1f3fe;	type-5
&#x1f3ff;	emoji
&#x1f3ff;	modifier
&#x1f3ff;	fitzpatrick
&#x1f3ff;	type-6
&#x1f4aa;	flexed
&#x1f4aa;	biceps
&#x1f448;	white
&#x1f448;	left
&#x1f448;	pointing
&#x1f448;	backhand
&#x1f448;	index
&#x1f449;	white
&#x1f449;	right
&#x1f449;	pointing
&#x1f449;	backhand
&#x1f449;	index
&#x261d;	white
&#x261d;	up
&#x261d;	pointing
&#x261d;	index
&#x1f446;	white
&#x1f446;	up
&#x1f446;	pointing
&#x1f446;	backhand
&#x1f446;	index
&#x1f595;	reversed
&#x1f595;	hand
&#x1f595;	with
&#x1f595;	middle
&#x1f595;	finger
&#x1f595;	extended
&#x1f447;	white
&#x1f447;	down
&#x1f447;	pointing
&#x1f447;	backhand
&#x1f447;	index
&#x270c;	victory
&#x270c;	hand
&#x1f596;	raised
&#x1f596;	hand
&#x1f596;	with
&#x1f596;	part
&#x1f596;	between
&#x1f596;	middle
&#x1f596;	and
&#x1f596;	ring
&#x1f596;	fingers
&#x1f918;	sign
&#x1f918;	of
&#x1f918;	the
&#x1f918;	horns
&#x1f590;	raised
&#x1f590;	hand
&#x1f590;	with
&#x1f590;	fingers
&#x1f590;	splayed
&#x270a;	raised
&#x270a;	fist
&#x270b;	raised
&#x270b;	hand
&#x1f44a;	fisted
&#x1f44a;	hand
&#x1f44a;	sign
&#x1f44c;	ok
&#x1f44c;	hand
&#x1f44c;	sign
&#x1f44d;	thumbs
&#x1f44d;	up
&#x1f44d;	sign
&#x1f44e;	thumbs
&#x1f44e;	down
&#x1f44e;	sign
&#x1f44b;	waving
&#x1f44b;	hand
&#x1f44b;	sign
&#x1f44f;	clapping
&#x1f44f;	hands
&#x1f44f;	sign
&#x1f450;	open
&#x1f450;	hands
&#x1f450;	sign
&#x270d;	writing
&#x270d;	hand
&#x1f485;	nail
&#x1f485;	polish
&#x1f463;	footprints
&#x1f440;	eyes
&#x1f441;	eye
&#x1f442;	ear
&#x1f443;	nose
&#x1f445;	tongue
&#x1f444;	mouth
&#x1f48b;	kiss
&#x1f48b;	mark
&#x1f498;	heart
&#x1f498;	with
&#x1f498;	arrow
&#x2764;	heavy
&#x2764;	black
&#x2764;	heart
&#x1f493;	beating
&#x1f493;	heart
&#x1f494;	broken
&#x1f494;	heart
&#x1f495;	two
&#x1f495;	hearts
&#x1f496;	sparkling
&#x1f496;	heart
&#x1f497;	growing
&#x1f497;	heart
&#x1f499;	blue
&#x1f499;	heart
&#x1f49a;	green
&#x1f49a;	heart
&#x1f49b;	yellow
&#x1f49b;	heart
&#x1f49c;	purple
&#x1f49c;	heart
&#x1f49d;	heart
&#x1f49d;	with
&#x1f49d;	ribbon
&#x1f49e;	revolving
&#x1f49e;	hearts
&#x1f49f;	heart
&#x1f49f;	decoration
&#x2763;	heavy
&#x2763;	heart
&#x2763;	exclamation
&#x2763;	mark
&#x2763;	ornament
&#x1f48c;	love
&#x1f48c;	letter
&#x1f4a7;	droplet
&#x1f4a4;	sleeping
&#x1f4a4;	symbol
&#x1f4a2;	anger
&#x1f4a2;	symbol
&#x1f4a3;	bomb
&#x1f4a5;	collision
&#x1f4a5;	symbol
&#x1f4a6;	splashing
&#x1f4a6;	sweat
&#x1f4a6;	symbol
&#x1f4a8;	dash
&#x1f4a8;	symbol
&#x1f4ab;	dizzy
&#x1f4ab;	symbol
&#x1f4ac;	speech
&#x1f4ac;	balloon
&#x1f4ad;	thought
&#x1f4ad;	balloon
&#x1f573;	hole
&#x1f5ef;	right
&#x1f5ef;	anger
&#x1f5ef;	bubble
&#x1f453;	eyeglasses
&#x1f576;	dark
&#x1f576;	sunglasses
&#x1f454;	necktie
&#x1f455;	t-shirt
&#x1f456;	jeans
&#x1f457;	dress
&#x1f458;	kimono
&#x1f459;	bikini
&#x1f45a;	womans
&#x1f45a;	clothes
&#x1f45b;	purse
&#x1f45c;	handbag
&#x1f45d;	pouch
&#x1f6cd;	shopping
&#x1f6cd;	bags
&#x1f392;	school
&#x1f392;	satchel
&#x1f45e;	mans
&#x1f45e;	shoe
&#x1f45f;	athletic
&#x1f45f;	shoe
&#x1f460;	high-heeled
&#x1f460;	shoe
&#x1f461;	womans
&#x1f461;	sandal
&#x1f462;	womans
&#x1f462;	boots
&#x1f451;	crown
&#x1f452;	womans
&#x1f452;	hat
&#x1f3a9;	top
&#x1f3a9;	hat
&#x1f4ff;	prayer
&#x1f4ff;	beads
&#x1f484;	lipstick
&#x1f48d;	ring
&#x1f48e;	gem
&#x1f48e;	stone
&#x1f479;	japanese
&#x1f479;	ogre
&#x1f47a;	japanese
&#x1f47a;	goblin
&#x1f47b;	ghost
&#x1f480;	skull
&#x2620;	skull
&#x2620;	and
&#x2620;	crossbones
&#x1f47d;	extraterrestrial
&#x1f47d;	alien
&#x1f47e;	alien
&#x1f47e;	monster
&#x1f916;	robot
&#x1f916;	face
&#x1f4a9;	pile
&#x1f4a9;	of
&#x1f4a9;	poo
&#x1f435;	monkey
&#x1f435;	face
&#x1f648;	see-no-evil
&#x1f648;	monkey
&#x1f649;	hear-no-evil
&#x1f649;	monkey
&#x1f64a;	speak-no-evil
&#x1f64a;	monkey
&#x1f412;	monkey
&#x1f436;	dog
&#x1f436;	face
&#x1f415;	dog
&#x1f429;	poodle
&#x1f43a;	wolf
&#x1f43a;	face
&#x1f431;	cat
&#x1f431;	face
&#x1f638;	grinning
&#x1f638;	cat
&#x1f638;	face
&#x1f638;	with
&#x1f638;	smiling
&#x1f638;	eyes
&#x1f639;	cat
&#x1f639;	face
&#x1f639;	with
&#x1f639;	tears
&#x1f639;	of
&#x1f639;	joy
&#x1f63a;	smiling
&#x1f63a;	cat
&#x1f63a;	face
&#x1f63a;	with
&#x1f63a;	open
&#x1f63a;	mouth
&#x1f63b;	smiling
&#x1f63b;	cat
&#x1f63b;	face
&#x1f63b;	with
&#x1f63b;	heart-shaped
&#x1f63b;	eyes
&#x1f63c;	cat
&#x1f63c;	face
&#x1f63c;	with
&#x1f63c;	wry
&#x1f63c;	smile
&#x1f63d;	kissing
&#x1f63d;	cat
&#x1f63d;	face
&#x1f63d;	with
&#x1f63d;	closed
&#x1f63d;	eyes
&#x1f63e;	pouting
&#x1f63e;	cat
&#x1f63e;	face
&#x1f63f;	crying
&#x1f63f;	cat
&#x1f63f;	face
&#x1f640;	weary
&#x1f640;	cat
&#x1f640;	face
&#x1f408;	cat
&#x1f981;	lion
&#x1f981;	face
&#x1f42f;	tiger
&#x1f42f;	face
&#x1f405;	tiger
&#x1f406;	leopard
&#x1f434;	horse
&#x1f434;	face
&#x1f40e;	horse
&#x1f984;	unicorn
&#x1f984;	face
&#x1f42e;	cow
&#x1f42e;	face
&#x1f402;	ox
&#x1f403;	water
&#x1f403;	buffalo
&#x1f404;	cow
&#x1f437;	pig
&#x1f437;	face
&#x1f416;	pig
&#x1f417;	boar
&#x1f43d;	pig
&#x1f43d;	nose
&#x1f40f;	ram
&#x1f411;	sheep
&#x1f410;	goat
&#x1f42a;	dromedary
&#x1f42a;	camel
&#x1f42b;	bactrian
&#x1f42b;	camel
&#x1f418;	elephant
&#x1f42d;	mouse
&#x1f42d;	face
&#x1f401;	mouse
&#x1f400;	rat
&#x1f439;	hamster
&#x1f439;	face
&#x1f430;	rabbit
&#x1f430;	face
&#x1f407;	rabbit
&#x1f43f;	chipmunk
&#x1f43b;	bear
&#x1f43b;	face
&#x1f428;	koala
&#x1f43c;	panda
&#x1f43c;	face
&#x1f43e;	paw
&#x1f43e;	prints
&#x1f983;	turkey
&#x1f414;	chicken
&#x1f413;	rooster
&#x1f423;	hatching
&#x1f423;	chick
&#x1f424;	baby
&#x1f424;	chick
&#x1f425;	front-facing
&#x1f425;	baby
&#x1f425;	chick
&#x1f426;	bird
&#x1f427;	penguin
&#x1f54a;	dove
&#x1f54a;	of
&#x1f54a;	peace
&#x1f438;	frog
&#x1f438;	face
&#x1f40a;	crocodile
&#x1f422;	turtle
&#x1f40d;	snake
&#x1f432;	dragon
&#x1f432;	face
&#x1f409;	dragon
&#x1f433;	spouting
&#x1f433;	whale
&#x1f40b;	whale
&#x1f42c;	dolphin
&#x1f41f;	fish
&#x1f420;	tropical
&#x1f420;	fish
&#x1f421;	blowfish
&#x1f419;	octopus
&#x1f41a;	spiral
&#x1f41a;	shell
&#x1f980;	crab
&#x1f40c;	snail
&#x1f41b;	bug
&#x1f41c;	ant
&#x1f41d;	honeybee
&#x1f41e;	lady
&#x1f41e;	beetle
&#x1f577;	spider
&#x1f578;	spider
&#x1f578;	web
&#x1f982;	scorpion
&#x1f490;	bouquet
&#x1f338;	cherry
&#x1f338;	blossom
&#x1f4ae;	white
&#x1f4ae;	flower
&#x1f3f5;	rosette
&#x1f339;	rose
&#x1f33a;	hibiscus
&#x1f33b;	sunflower
&#x1f33c;	blossom
&#x1f337;	tulip
&#x2618;	shamrock
&#x1f331;	seedling
&#x1f332;	evergreen
&#x1f332;	tree
&#x1f333;	deciduous
&#x1f333;	tree
&#x1f334;	palm
&#x1f334;	tree
&#x1f335;	cactus
&#x1f33e;	ear
&#x1f33e;	of
&#x1f33e;	rice
&#x1f33f;	herb
&#x1f340;	four
&#x1f340;	leaf
&#x1f340;	clover
&#x1f341;	maple
&#x1f341;	leaf
&#x1f342;	fallen
&#x1f342;	leaf
&#x1f343;	leaf
&#x1f343;	fluttering
&#x1f343;	in
&#x1f343;	wind
&#x1f347;	grapes
&#x1f348;	melon
&#x1f349;	watermelon
&#x1f34a;	tangerine
&#x1f34b;	lemon
&#x1f34c;	banana
&#x1f34d;	pineapple
&#x1f34e;	red
&#x1f34e;	apple
&#x1f34f;	green
&#x1f34f;	apple
&#x1f350;	pear
&#x1f351;	peach
&#x1f352;	cherries
&#x1f353;	strawberry
&#x1f345;	tomato
&#x1f346;	aubergine
&#x1f33d;	ear
&#x1f33d;	of
&#x1f33d;	maize
&#x1f336;	hot
&#x1f336;	pepper
&#x1f344;	mushroom
&#x1f330;	chestnut
&#x1f35e;	bread
&#x1f9c0;	cheese
&#x1f9c0;	wedge
&#x1f356;	meat
&#x1f356;	on
&#x1f356;	bone
&#x1f357;	poultry
&#x1f357;	leg
&#x1f354;	hamburger
&#x1f35f;	french
&#x1f35f;	fries
&#x1f355;	slice
&#x1f355;	of
&#x1f355;	pizza
&#x1f32d;	hot
&#x1f32d;	dog
&#x1f32e;	taco
&#x1f32f;	burrito
&#x1f37f;	popcorn
&#x1f372;	pot
&#x1f372;	of
&#x1f372;	food
&#x1f371;	bento
&#x1f371;	box
&#x1f358;	rice
&#x1f358;	cracker
&#x1f359;	rice
&#x1f359;	ball
&#x1f35a;	cooked
&#x1f35a;	rice
&#x1f35b;	curry
&#x1f35b;	and
&#x1f35b;	rice
&#x1f35c;	steaming
&#x1f35c;	bowl
&#x1f35d;	spaghetti
&#x1f360;	roasted
&#x1f360;	sweet
&#x1f360;	potato
&#x1f362;	oden
&#x1f363;	sushi
&#x1f364;	fried
&#x1f364;	shrimp
&#x1f365;	fish
&#x1f365;	cake
&#x1f365;	with
&#x1f365;	swirl
&#x1f365;	design
&#x1f361;	dango
&#x1f366;	soft
&#x1f366;	ice
&#x1f366;	cream
&#x1f367;	shaved
&#x1f367;	ice
&#x1f368;	ice
&#x1f368;	cream
&#x1f369;	doughnut
&#x1f36a;	cookie
&#x1f382;	birthday
&#x1f382;	cake
&#x1f370;	shortcake
&#x1f36b;	chocolate
&#x1f36b;	bar
&#x1f36c;	candy
&#x1f36d;	lollipop
&#x1f36e;	custard
&#x1f36f;	honey
&#x1f36f;	pot
&#x1f37c;	baby
&#x1f37c;	bottle
&#x2615;	hot
&#x2615;	beverage
&#x1f375;	teacup
&#x1f375;	without
&#x1f375;	handle
&#x1f376;	sake
&#x1f376;	bottle
&#x1f376;	and
&#x1f376;	cup
&#x1f37e;	bottle
&#x1f37e;	with
&#x1f37e;	popping
&#x1f37e;	cork
&#x1f377;	wine
&#x1f377;	glass
&#x1f378;	cocktail
&#x1f378;	glass
&#x1f379;	tropical
&#x1f379;	drink
&#x1f37a;	beer
&#x1f37a;	mug
&#x1f37b;	clinking
&#x1f37b;	beer
&#x1f37b;	mugs
&#x1f37d;	fork
&#x1f37d;	and
&#x1f37d;	knife
&#x1f37d;	with
&#x1f37d;	plate
&#x1f374;	fork
&#x1f374;	and
&#x1f374;	knife
&#x1f373;	cooking
&#x1f3fa;	amphora
&#x1f30d;	earth
&#x1f30d;	globe
&#x1f30d;	europe-africa
&#x1f30e;	earth
&#x1f30e;	globe
&#x1f30e;	americas
&#x1f30f;	earth
&#x1f30f;	globe
&#x1f30f;	asia-australia
&#x1f310;	globe
&#x1f310;	with
&#x1f310;	meridians
&#x1f5fa;	world
&#x1f5fa;	map
&#x1f3d4;	snow
&#x1f3d4;	capped
&#x1f3d4;	mountain
&#x26f0;	mountain
&#x1f30b;	volcano
&#x1f5fb;	mount
&#x1f5fb;	fuji
&#x1f3d5;	camping
&#x1f3d6;	beach
&#x1f3d6;	with
&#x1f3d6;	umbrella
&#x1f3dc;	desert
&#x1f3dd;	desert
&#x1f3dd;	island
&#x1f3de;	national
&#x1f3de;	park
&#x1f3df;	stadium
&#x1f3db;	classical
&#x1f3db;	building
&#x1f3d7;	building
&#x1f3d7;	construction
&#x1f3d8;	house
&#x1f3d8;	buildings
&#x1f3d9;	cityscape
&#x1f3da;	derelict
&#x1f3da;	house
&#x1f3da;	building
&#x1f3e0;	house
&#x1f3e0;	building
&#x1f3e1;	house
&#x1f3e1;	with
&#x1f3e1;	garden
&#x1f6d0;	place
&#x1f6d0;	of
&#x1f6d0;	worship
&#x26ea;	church
&#x1f54b;	kaaba
&#x1f54c;	mosque
&#x1f54d;	synagogue
&#x1f3e2;	office
&#x1f3e2;	building
&#x1f3e3;	japanese
&#x1f3e3;	post
&#x1f3e3;	office
&#x1f3e4;	european
&#x1f3e4;	post
&#x1f3e4;	office
&#x1f3e5;	hospital
&#x1f3e6;	bank
&#x1f3e8;	hotel
&#x1f3e9;	love
&#x1f3e9;	hotel
&#x1f3ea;	convenience
&#x1f3ea;	store
&#x1f3eb;	school
&#x1f3ec;	department
&#x1f3ec;	store
&#x1f3ed;	factory
&#x1f3ef;	japanese
&#x1f3ef;	castle
&#x1f3f0;	european
&#x1f3f0;	castle
&#x1f492;	wedding
&#x1f5fc;	tokyo
&#x1f5fc;	tower
&#x1f5fd;	statue
&#x1f5fd;	of
&#x1f5fd;	liberty
&#x1f5fe;	silhouette
&#x1f5fe;	of
&#x1f5fe;	japan
&#x26f2;	fountain
&#x26fa;	tent
&#x1f301;	foggy
&#x1f303;	night
&#x1f303;	with
&#x1f303;	stars
&#x1f304;	sunrise
&#x1f304;	over
&#x1f304;	mountains
&#x1f305;	sunrise
&#x1f306;	cityscape
&#x1f306;	at
&#x1f306;	dusk
&#x1f307;	sunset
&#x1f307;	over
&#x1f307;	buildings
&#x1f309;	bridge
&#x1f309;	at
&#x1f309;	night
&#x1f30a;	water
&#x1f30a;	wave
&#x2668;	hot
&#x2668;	springs
&#x1f5ff;	moyai
&#x1f30c;	milky
&#x1f30c;	way
&#x1f3a0;	carousel
&#x1f3a0;	horse
&#x1f3a1;	ferris
&#x1f3a1;	wheel
&#x1f3a2;	roller
&#x1f3a2;	coaster
&#x1f488;	barber
&#x1f488;	pole
&#x1f3aa;	circus
&#x1f3aa;	tent
&#x1f3ad;	performing
&#x1f3ad;	arts
&#x1f5bc;	frame
&#x1f5bc;	with
&#x1f5bc;	picture
&#x1f3a8;	artist
&#x1f3a8;	palette
&#x1f3b0;	slot
&#x1f3b0;	machine
&#x1f682;	steam
&#x1f682;	locomotive
&#x1f683;	railway
&#x1f683;	car
&#x1f684;	high-speed
&#x1f684;	train
&#x1f685;	high-speed
&#x1f685;	train
&#x1f685;	with
&#x1f685;	bullet
&#x1f685;	nose
&#x1f686;	train
&#x1f687;	metro
&#x1f688;	light
&#x1f688;	rail
&#x1f689;	station
&#x1f68a;	tram
&#x1f69d;	monorail
&#x1f69e;	mountain
&#x1f69e;	railway
&#x1f68b;	tram
&#x1f68b;	car
&#x1f68c;	bus
&#x1f68d;	oncoming
&#x1f68d;	bus
&#x1f68e;	trolleybus
&#x1f68f;	bus
&#x1f68f;	stop
&#x1f690;	minibus
&#x1f691;	ambulance
&#x1f692;	fire
&#x1f692;	engine
&#x1f693;	police
&#x1f693;	car
&#x1f694;	oncoming
&#x1f694;	police
&#x1f694;	car
&#x1f695;	taxi
&#x1f696;	oncoming
&#x1f696;	taxi
&#x1f697;	automobile
&#x1f698;	oncoming
&#x1f698;	automobile
&#x1f699;	recreational
&#x1f699;	vehicle
&#x1f69a;	delivery
&#x1f69a;	truck
&#x1f69b;	articulated
&#x1f69b;	lorry
&#x1f69c;	tractor
&#x1f6b2;	bicycle
&#x1f6b3;	no
&#x1f6b3;	bicycles
&#x26fd;	fuel
&#x26fd;	pump
&#x1f6e2;	oil
&#x1f6e2;	drum
&#x1f6e3;	motorway
&#x1f6e4;	railway
&#x1f6e4;	track
&#x1f6a8;	police
&#x1f6a8;	cars
&#x1f6a8;	revolving
&#x1f6a8;	light
&#x2388;	helm
&#x2388;	symbol
&#x2693;	anchor
&#x1f531;	trident
&#x1f531;	emblem
&#x26f5;	sailboat
&#x1f6a3;	rowboat
&#x1f6a4;	speedboat
&#x1f6f3;	passenger
&#x1f6f3;	ship
&#x26f4;	ferry
&#x1f6e5;	motor
&#x1f6e5;	boat
&#x1f6a2;	ship
&#x2708;	airplane
&#x1f6e9;	small
&#x1f6e9;	airplane
&#x1f6eb;	airplane
&#x1f6eb;	departure
&#x1f6ec;	airplane
&#x1f6ec;	arriving
&#x1f4ba;	seat
&#x1f681;	helicopter
&#x1f69f;	suspension
&#x1f69f;	railway
&#x1f6a0;	mountain
&#x1f6a0;	cableway
&#x1f6a1;	aerial
&#x1f6a1;	tramway
&#x1f680;	rocket
&#x1f6f0;	satellite
&#x1f3e7;	automated
&#x1f3e7;	teller
&#x1f3e7;	machine
&#x1f6ae;	put
&#x1f6ae;	litter
&#x1f6ae;	in
&#x1f6ae;	its
&#x1f6ae;	place
&#x1f6ae;	symbol
&#x1f6a5;	horizontal
&#x1f6a5;	traffic
&#x1f6a5;	light
&#x1f6a6;	vertical
&#x1f6a6;	traffic
&#x1f6a6;	light
&#x1f6a7;	construction
&#x1f6a7;	sign
&#x1f6ab;	no
&#x1f6ab;	entry
&#x1f6ab;	sign
&#x1f6ad;	no
&#x1f6ad;	smoking
&#x1f6ad;	symbol
&#x1f6af;	do
&#x1f6af;	not
&#x1f6af;	litter
&#x1f6af;	symbol
&#x1f6b0;	potable
&#x1f6b0;	water
&#x1f6b0;	symbol
&#x1f6b1;	non-potable
&#x1f6b1;	water
&#x1f6b1;	symbol
&#x1f6b7;	no
&#x1f6b7;	pedestrians
&#x1f6b8;	children
&#x1f6b8;	crossing
&#x267f;	wheelchair
&#x267f;	symbol
&#x1f6b9;	mens
&#x1f6b9;	symbol
&#x1f6ba;	womens
&#x1f6ba;	symbol
&#x1f6bb;	restroom
&#x1f6bc;	baby
&#x1f6bc;	symbol
&#x1f6be;	water
&#x1f6be;	closet
&#x1f6c2;	passport
&#x1f6c2;	control
&#x1f6c3;	customs
&#x1f6c4;	baggage
&#x1f6c4;	claim
&#x1f6c5;	left
&#x1f6c5;	luggage
&#x26a0;	warning
&#x26a0;	sign
&#x26d4;	no
&#x26d4;	entry
&#x1f6ce;	bellhop
&#x1f6ce;	bell
&#x1f6aa;	door
&#x1f6cc;	sleeping
&#x1f6cc;	accommodation
&#x1f6cf;	bed
&#x1f6cb;	couch
&#x1f6cb;	and
&#x1f6cb;	lamp
&#x1f6bd;	toilet
&#x1f6bf;	shower
&#x1f6c0;	bath
&#x1f6c1;	bathtub
&#x231b;	hourglass
&#x23f3;	hourglass
&#x23f3;	with
&#x23f3;	flowing
&#x23f3;	sand
&#x231a;	watch
&#x23f0;	alarm
&#x23f0;	clock
&#x23f1;	stopwatch
&#x23f2;	timer
&#x23f2;	clock
&#x1f570;	mantelpiece
&#x1f570;	clock
&#x1f55b;	clock
&#x1f55b;	face
&#x1f55b;	twelve
&#x1f55b;	oclock
&#x1f567;	clock
&#x1f567;	face
&#x1f567;	twelve-thirty
&#x1f550;	clock
&#x1f550;	face
&#x1f550;	one
&#x1f550;	oclock
&#x1f55c;	clock
&#x1f55c;	face
&#x1f55c;	one-thirty
&#x1f551;	clock
&#x1f551;	face
&#x1f551;	two
&#x1f551;	oclock
&#x1f55d;	clock
&#x1f55d;	face
&#x1f55d;	two-thirty
&#x1f552;	clock
&#x1f552;	face
&#x1f552;	three
&#x1f552;	oclock
&#x1f55e;	clock
&#x1f55e;	face
&#x1f55e;	three-thirty
&#x1f553;	clock
&#x1f553;	face
&#x1f553;	four
&#x1f553;	oclock
&#x1f55f;	clock
&#x1f55f;	face
&#x1f55f;	four-thirty
&#x1f554;	clock
&#x1f554;	face
&#x1f554;	five
&#x1f554;	oclock
&#x1f560;	clock
&#x1f560;	face
&#x1f560;	five-thirty
&#x1f555;	clock
&#x1f555;	face
&#x1f555;	six
&#x1f555;	oclock
&#x1f561;	clock
&#x1f561;	face
&#x1f561;	six-thirty
&#x1f556;	clock
&#x1f556;	face
&#x1f556;	seven
&#x1f556;	oclock
&#x1f562;	clock
&#x1f562;	face
&#x1f562;	seven-thirty
&#x1f557;	clock
&#x1f557;	face
&#x1f557;	eight
&#x1f557;	oclock
&#x1f563;	clock
&#x1f563;	face
&#x1f563;	eight-thirty
&#x1f558;	clock
&#x1f558;	face
&#x1f558;	nine
&#x1f558;	oclock
&#x1f564;	clock
&#x1f564;	face
&#x1f564;	nine-thirty
&#x1f559;	clock
&#x1f559;	face
&#x1f559;	ten
&#x1f559;	oclock
&#x1f565;	clock
&#x1f565;	face
&#x1f565;	ten-thirty
&#x1f55a;	clock
&#x1f55a;	face
&#x1f55a;	eleven
&#x1f55a;	oclock
&#x1f566;	clock
&#x1f566;	face
&#x1f566;	eleven-thirty
&#x2648;	aries
&#x2649;	taurus
&#x264a;	gemini
&#x264b;	cancer
&#x264c;	leo
&#x264d;	virgo
&#x264e;	libra
&#x264f;	scorpius
&#x2650;	sagittarius
&#x2651;	capricorn
&#x2652;	aquarius
&#x2653;	pisces
&#x26ce;	ophiuchus
&#x1f311;	new
&#x1f311;	moon
&#x1f311;	symbol
&#x1f312;	waxing
&#x1f312;	crescent
&#x1f312;	moon
&#x1f312;	symbol
&#x1f313;	first
&#x1f313;	quarter
&#x1f313;	moon
&#x1f313;	symbol
&#x1f314;	waxing
&#x1f314;	gibbous
&#x1f314;	moon
&#x1f314;	symbol
&#x1f315;	full
&#x1f315;	moon
&#x1f315;	symbol
&#x1f316;	waning
&#x1f316;	gibbous
&#x1f316;	moon
&#x1f316;	symbol
&#x1f317;	last
&#x1f317;	quarter
&#x1f317;	moon
&#x1f317;	symbol
&#x1f318;	waning
&#x1f318;	crescent
&#x1f318;	moon
&#x1f318;	symbol
&#x1f319;	crescent
&#x1f319;	moon
&#x1f31a;	new
&#x1f31a;	moon
&#x1f31a;	with
&#x1f31a;	face
&#x1f31b;	first
&#x1f31b;	quarter
&#x1f31b;	moon
&#x1f31b;	with
&#x1f31b;	face
&#x1f31c;	last
&#x1f31c;	quarter
&#x1f31c;	moon
&#x1f31c;	with
&#x1f31c;	face
&#x1f321;	thermometer
&#x2600;	black
&#x2600;	sun
&#x2600;	with
&#x2600;	rays
&#x1f31d;	full
&#x1f31d;	moon
&#x1f31d;	with
&#x1f31d;	face
&#x1f31e;	sun
&#x1f31e;	with
&#x1f31e;	face
&#x2601;	cloud
&#x26c5;	sun
&#x26c5;	behind
&#x26c5;	cloud
&#x26c8;	thunder
&#x26c8;	cloud
&#x26c8;	and
&#x26c8;	rain
&#x1f324;	white
&#x1f324;	sun
&#x1f324;	with
&#x1f324;	small
&#x1f324;	cloud
&#x1f325;	white
&#x1f325;	sun
&#x1f325;	behind
&#x1f325;	cloud
&#x1f326;	white
&#x1f326;	sun
&#x1f326;	behind
&#x1f326;	cloud
&#x1f326;	with
&#x1f326;	rain
&#x1f327;	cloud
&#x1f327;	with
&#x1f327;	rain
&#x1f328;	cloud
&#x1f328;	with
&#x1f328;	snow
&#x1f329;	cloud
&#x1f329;	with
&#x1f329;	lightning
&#x1f32a;	cloud
&#x1f32a;	with
&#x1f32a;	tornado
&#x1f32b;	fog
&#x1f32c;	wind
&#x1f32c;	blowing
&#x1f32c;	face
&#x1f300;	cyclone
&#x1f308;	rainbow
&#x1f302;	closed
&#x1f302;	umbrella
&#x2602;	umbrella
&#x2614;	umbrella
&#x2614;	with
&#x2614;	rain
&#x2614;	drops
&#x26f1;	umbrella
&#x26f1;	on
&#x26f1;	ground
&#x2744;	snowflake
&#x2603;	snowman
&#x26c4;	snowman
&#x26c4;	without
&#x26c4;	snow
&#x1f31f;	glowing
&#x1f31f;	star
&#x1f320;	shooting
&#x1f320;	star
&#x2604;	comet
&#x1f525;	fire
&#x1f383;	jack-o-lantern
&#x1f384;	christmas
&#x1f384;	tree
&#x1f54e;	menorah
&#x1f54e;	with
&#x1f54e;	nine
&#x1f54e;	branches
&#x1f386;	fireworks
&#x1f387;	firework
&#x1f387;	sparkler
&#x2728;	sparkles
&#x1f388;	balloon
&#x1f389;	party
&#x1f389;	popper
&#x1f38a;	confetti
&#x1f38a;	ball
&#x1f38b;	tanabata
&#x1f38b;	tree
&#x1f38c;	crossed
&#x1f38c;	flags
&#x1f38d;	pine
&#x1f38d;	decoration
&#x1f38e;	japanese
&#x1f38e;	dolls
&#x1f38f;	carp
&#x1f38f;	streamer
&#x1f390;	wind
&#x1f390;	chime
&#x1f391;	moon
&#x1f391;	viewing
&#x1f391;	ceremony
&#x1f393;	graduation
&#x1f393;	cap
&#x1f3af;	direct
&#x1f3af;	hit
&#x1f3b4;	flower
&#x1f3b4;	playing
&#x1f3b4;	cards
&#x1f380;	ribbon
&#x1f381;	wrapped
&#x1f381;	present
&#x1f396;	military
&#x1f396;	medal
&#x1f397;	reminder
&#x1f397;	ribbon
&#x1f39e;	film
&#x1f39e;	frames
&#x1f39f;	admission
&#x1f39f;	tickets
&#x1f3ab;	ticket
&#x1f3f7;	label
&#x26bd;	soccer
&#x26bd;	ball
&#x26be;	baseball
&#x1f3c0;	basketball
&#x1f3c0;	and
&#x1f3c0;	hoop
&#x1f3c8;	american
&#x1f3c8;	football
&#x1f3c9;	rugby
&#x1f3c9;	football
&#x1f3be;	tennis
&#x1f3be;	racquet
&#x1f3be;	and
&#x1f3be;	ball
&#x1f3b1;	billiards
&#x1f3b3;	bowling
&#x26f3;	flag
&#x26f3;	in
&#x26f3;	hole
&#x1f3cc;	golfer
&#x26f8;	ice
&#x26f8;	skate
&#x1f3a3;	fishing
&#x1f3a3;	pole
&#x1f3a3;	and
&#x1f3a3;	fish
&#x1f3bd;	running
&#x1f3bd;	shirt
&#x1f3bd;	with
&#x1f3bd;	sash
&#x1f3bf;	ski
&#x1f3bf;	and
&#x1f3bf;	ski
&#x1f3bf;	boot
&#x26f7;	skier
&#x1f3c2;	snowboarder
&#x1f3c4;	surfer
&#x1f3c7;	horse
&#x1f3c7;	racing
&#x1f3ca;	swimmer
&#x26f9;	person
&#x26f9;	with
&#x26f9;	ball
&#x1f3cb;	weight
&#x1f3cb;	lifter
&#x1f6b4;	bicyclist
&#x1f6b5;	mountain
&#x1f6b5;	bicyclist
&#x1f3ce;	racing
&#x1f3ce;	car
&#x1f3cd;	racing
&#x1f3cd;	motorcycle
&#x1f3c5;	sports
&#x1f3c5;	medal
&#x1f3c6;	trophy
&#x1f3cf;	cricket
&#x1f3cf;	bat
&#x1f3cf;	and
&#x1f3cf;	ball
&#x1f3d0;	volleyball
&#x1f3d1;	field
&#x1f3d1;	hockey
&#x1f3d1;	stick
&#x1f3d1;	and
&#x1f3d1;	ball
&#x1f3d2;	ice
&#x1f3d2;	hockey
&#x1f3d2;	stick
&#x1f3d2;	and
&#x1f3d2;	puck
&#x1f3d3;	table
&#x1f3d3;	tennis
&#x1f3d3;	paddle
&#x1f3d3;	and
&#x1f3d3;	ball
&#x1f3f8;	badminton
&#x1f3f8;	racquet
&#x1f3f8;	and
&#x1f3f8;	shuttlecock
&#x1f3ae;	video
&#x1f3ae;	game
&#x1f579;	joystick
&#x1f3b2;	game
&#x1f3b2;	die
&#x2660;	black
&#x2660;	spade
&#x2660;	suit
&#x2665;	black
&#x2665;	heart
&#x2665;	suit
&#x2666;	black
&#x2666;	diamond
&#x2666;	suit
&#x2663;	black
&#x2663;	club
&#x2663;	suit
&#x1f0cf;	playing
&#x1f0cf;	card
&#x1f0cf;	black
&#x1f0cf;	joker
&#x1f004;	mahjong
&#x1f004;	tile
&#x1f004;	red
&#x1f004;	dragon
&#x1f507;	speaker
&#x1f507;	with
&#x1f507;	cancellation
&#x1f507;	stroke
&#x1f508;	speaker
&#x1f509;	speaker
&#x1f509;	with
&#x1f509;	one
&#x1f509;	sound
&#x1f509;	wave
&#x1f50a;	speaker
&#x1f50a;	with
&#x1f50a;	three
&#x1f50a;	sound
&#x1f50a;	waves
&#x1f4e2;	public
&#x1f4e2;	address
&#x1f4e2;	loudspeaker
&#x1f4e3;	cheering
&#x1f4e3;	megaphone
&#x1f4ef;	postal
&#x1f4ef;	horn
&#x1f514;	bell
&#x1f515;	bell
&#x1f515;	with
&#x1f515;	cancellation
&#x1f515;	stroke
&#x1f500;	twisted
&#x1f500;	rightwards
&#x1f500;	arrows
&#x1f501;	clockwise
&#x1f501;	rightwards
&#x1f501;	and
&#x1f501;	leftwards
&#x1f501;	open
&#x1f501;	circle
&#x1f501;	arrows
&#x1f502;	clockwise
&#x1f502;	rightwards
&#x1f502;	and
&#x1f502;	leftwards
&#x1f502;	open
&#x1f502;	circle
&#x1f502;	arrows
&#x1f502;	with
&#x1f502;	circled
&#x1f502;	one
&#x1f502;	overlay
&#x25b6;	black
&#x25b6;	right-pointing
&#x25b6;	triangle
&#x23e9;	black
&#x23e9;	right-pointing
&#x23e9;	double
&#x23e9;	triangle
&#x23ed;	black
&#x23ed;	right-pointing
&#x23ed;	double
&#x23ed;	triangle
&#x23ed;	with
&#x23ed;	vertical
&#x23ed;	bar
&#x23ef;	black
&#x23ef;	right-pointing
&#x23ef;	triangle
&#x23ef;	with
&#x23ef;	double
&#x23ef;	vertical
&#x23ef;	bar
&#x25c0;	black
&#x25c0;	left-pointing
&#x25c0;	triangle
&#x23ea;	black
&#x23ea;	left-pointing
&#x23ea;	double
&#x23ea;	triangle
&#x23ee;	black
&#x23ee;	left-pointing
&#x23ee;	double
&#x23ee;	triangle
&#x23ee;	with
&#x23ee;	vertical
&#x23ee;	bar
&#x1f53c;	up-pointing
&#x1f53c;	small
&#x1f53c;	red
&#x1f53c;	triangle
&#x23eb;	black
&#x23eb;	up-pointing
&#x23eb;	double
&#x23eb;	triangle
&#x1f53d;	down-pointing
&#x1f53d;	small
&#x1f53d;	red
&#x1f53d;	triangle
&#x23ec;	black
&#x23ec;	down-pointing
&#x23ec;	double
&#x23ec;	triangle
&#x23f8;	double
&#x23f8;	vertical
&#x23f8;	bar
&#x23f9;	black
&#x23f9;	square
&#x23f9;	for
&#x23f9;	stop
&#x23fa;	black
&#x23fa;	circle
&#x23fa;	for
&#x23fa;	record
&#x23cf;	eject
&#x23cf;	symbol
&#x1f3bc;	musical
&#x1f3bc;	score
&#x1f3b5;	musical
&#x1f3b5;	note
&#x1f3b6;	multiple
&#x1f3b6;	musical
&#x1f3b6;	notes
&#x1f399;	studio
&#x1f399;	microphone
&#x1f39a;	level
&#x1f39a;	slider
&#x1f39b;	control
&#x1f39b;	knobs
&#x1f3a4;	microphone
&#x1f3a7;	headphone
&#x1f3b7;	saxophone
&#x1f3b8;	guitar
&#x1f3b9;	musical
&#x1f3b9;	keyboard
&#x1f3ba;	trumpet
&#x1f3bb;	violin
&#x1f4fb;	radio
&#x1f4f1;	mobile
&#x1f4f1;	phone
&#x1f4f3;	vibration
&#x1f4f3;	mode
&#x1f4f4;	mobile
&#x1f4f4;	phone
&#x1f4f4;	off
&#x1f4f2;	mobile
&#x1f4f2;	phone
&#x1f4f2;	with
&#x1f4f2;	rightwards
&#x1f4f2;	arrow
&#x1f4f2;	at
&#x1f4f2;	left
&#x1f4f5;	no
&#x1f4f5;	mobile
&#x1f4f5;	phones
&#x260e;	black
&#x260e;	telephone
&#x1f4de;	telephone
&#x1f4de;	receiver
&#x0023 u+20e3;	keycap
&#x0023 u+20e3;	number
&#x0023 u+20e3;	sign
&#x002a u+20e3;	keycap
&#x002a u+20e3;	asterisk
&#x0030 u+20e3;	keycap
&#x0030 u+20e3;	digit
&#x0030 u+20e3;	zero
&#x0031 u+20e3;	keycap
&#x0031 u+20e3;	digit
&#x0031 u+20e3;	one
&#x0032 u+20e3;	keycap
&#x0032 u+20e3;	digit
&#x0032 u+20e3;	two
&#x0033 u+20e3;	keycap
&#x0033 u+20e3;	digit
&#x0033 u+20e3;	three
&#x0034 u+20e3;	keycap
&#x0034 u+20e3;	digit
&#x0034 u+20e3;	four
&#x0035 u+20e3;	keycap
&#x0035 u+20e3;	digit
&#x0035 u+20e3;	five
&#x0036 u+20e3;	keycap
&#x0036 u+20e3;	digit
&#x0036 u+20e3;	six
&#x0037 u+20e3;	keycap
&#x0037 u+20e3;	digit
&#x0037 u+20e3;	seven
&#x0038 u+20e3;	keycap
&#x0038 u+20e3;	digit
&#x0038 u+20e3;	eight
&#x0039 u+20e3;	keycap
&#x0039 u+20e3;	digit
&#x0039 u+20e3;	nine
&#x1f51f;	keycap
&#x1f51f;	ten
&#x1f4f6;	antenna
&#x1f4f6;	with
&#x1f4f6;	bars
&#x1f4df;	pager
&#x1f4e0;	fax
&#x1f4e0;	machine
&#x1f50b;	battery
&#x1f50c;	electric
&#x1f50c;	plug
&#x1f4bb;	personal
&#x1f4bb;	computer
&#x1f5a5;	desktop
&#x1f5a5;	computer
&#x1f5a8;	printer
&#x2328;	keyboard
&#x1f5b1;	three
&#x1f5b1;	button
&#x1f5b1;	mouse
&#x1f5b2;	trackball
&#x1f4bd;	minidisc
&#x1f4be;	floppy
&#x1f4be;	disk
&#x1f4bf;	optical
&#x1f4bf;	disc
&#x1f4c0;	dvd
&#x1f3a5;	movie
&#x1f3a5;	camera
&#x1f3a6;	cinema
&#x1f3ac;	clapper
&#x1f3ac;	board
&#x1f4fd;	film
&#x1f4fd;	projector
&#x1f4fa;	television
&#x1f4f7;	camera
&#x1f4f8;	camera
&#x1f4f8;	with
&#x1f4f8;	flash
&#x1f4f9;	video
&#x1f4f9;	camera
&#x1f4fc;	videocassette
&#x1f505;	low
&#x1f505;	brightness
&#x1f505;	symbol
&#x1f506;	high
&#x1f506;	brightness
&#x1f506;	symbol
&#x1f50d;	left-pointing
&#x1f50d;	magnifying
&#x1f50d;	glass
&#x1f50e;	right-pointing
&#x1f50e;	magnifying
&#x1f50e;	glass
&#x1f52c;	microscope
&#x1f52d;	telescope
&#x1f4e1;	satellite
&#x1f4e1;	antenna
&#x1f56f;	candle
&#x1f4a1;	electric
&#x1f4a1;	light
&#x1f4a1;	bulb
&#x1f526;	electric
&#x1f526;	torch
&#x1f3ee;	izakaya
&#x1f3ee;	lantern
&#x1f4d4;	notebook
&#x1f4d4;	with
&#x1f4d4;	decorative
&#x1f4d4;	cover
&#x1f4d5;	closed
&#x1f4d5;	book
&#x1f4d6;	open
&#x1f4d6;	book
&#x1f4d7;	green
&#x1f4d7;	book
&#x1f4d8;	blue
&#x1f4d8;	book
&#x1f4d9;	orange
&#x1f4d9;	book
&#x1f4da;	books
&#x1f4d3;	notebook
&#x1f4d2;	ledger
&#x1f4c3;	page
&#x1f4c3;	with
&#x1f4c3;	curl
&#x1f4dc;	scroll
&#x1f4c4;	page
&#x1f4c4;	facing
&#x1f4c4;	up
&#x1f4f0;	newspaper
&#x1f5de;	rolled-up
&#x1f5de;	newspaper
&#x1f4d1;	bookmark
&#x1f4d1;	tabs
&#x1f516;	bookmark
&#x1f4b0;	money
&#x1f4b0;	bag
&#x1f4b4;	banknote
&#x1f4b4;	with
&#x1f4b4;	yen
&#x1f4b4;	sign
&#x1f4b5;	banknote
&#x1f4b5;	with
&#x1f4b5;	dollar
&#x1f4b5;	sign
&#x1f4b6;	banknote
&#x1f4b6;	with
&#x1f4b6;	euro
&#x1f4b6;	sign
&#x1f4b7;	banknote
&#x1f4b7;	with
&#x1f4b7;	pound
&#x1f4b7;	sign
&#x1f4b8;	money
&#x1f4b8;	with
&#x1f4b8;	wings
&#x1f4b1;	currency
&#x1f4b1;	exchange
&#x1f4b2;	heavy
&#x1f4b2;	dollar
&#x1f4b2;	sign
&#x1f4b3;	credit
&#x1f4b3;	card
&#x1f4b9;	chart
&#x1f4b9;	with
&#x1f4b9;	upwards
&#x1f4b9;	trend
&#x1f4b9;	and
&#x1f4b9;	yen
&#x1f4b9;	sign
&#x2709;	envelope
&#x1f4e7;	e-mail
&#x1f4e7;	symbol
&#x1f4e8;	incoming
&#x1f4e8;	envelope
&#x1f4e9;	envelope
&#x1f4e9;	with
&#x1f4e9;	downwards
&#x1f4e9;	arrow
&#x1f4e9;	above
&#x1f4e4;	outbox
&#x1f4e4;	tray
&#x1f4e5;	inbox
&#x1f4e5;	tray
&#x1f4e6;	package
&#x1f4eb;	closed
&#x1f4eb;	mailbox
&#x1f4eb;	with
&#x1f4eb;	raised
&#x1f4eb;	flag
&#x1f4ea;	closed
&#x1f4ea;	mailbox
&#x1f4ea;	with
&#x1f4ea;	lowered
&#x1f4ea;	flag
&#x1f4ec;	open
&#x1f4ec;	mailbox
&#x1f4ec;	with
&#x1f4ec;	raised
&#x1f4ec;	flag
&#x1f4ed;	open
&#x1f4ed;	mailbox
&#x1f4ed;	with
&#x1f4ed;	lowered
&#x1f4ed;	flag
&#x1f4ee;	postbox
&#x1f5f3;	ballot
&#x1f5f3;	box
&#x1f5f3;	with
&#x1f5f3;	ballot
&#x270f;	pencil
&#x2712;	black
&#x2712;	nib
&#x1f58b;	lower
&#x1f58b;	left
&#x1f58b;	fountain
&#x1f58b;	pen
&#x1f58a;	lower
&#x1f58a;	left
&#x1f58a;	ballpoint
&#x1f58a;	pen
&#x1f58c;	lower
&#x1f58c;	left
&#x1f58c;	paintbrush
&#x1f58d;	lower
&#x1f58d;	left
&#x1f58d;	crayon
&#x1f4dd;	memo
&#x1f4bc;	briefcase
&#x1f4c1;	file
&#x1f4c1;	folder
&#x1f4c2;	open
&#x1f4c2;	file
&#x1f4c2;	folder
&#x1f5c2;	card
&#x1f5c2;	index
&#x1f5c2;	dividers
&#x1f4c5;	calendar
&#x1f4c6;	tear-off
&#x1f4c6;	calendar
&#x1f5d2;	spiral
&#x1f5d2;	note
&#x1f5d2;	pad
&#x1f5d3;	spiral
&#x1f5d3;	calendar
&#x1f5d3;	pad
&#x1f4c7;	card
&#x1f4c7;	index
&#x1f4c8;	chart
&#x1f4c8;	with
&#x1f4c8;	upwards
&#x1f4c8;	trend
&#x1f4c9;	chart
&#x1f4c9;	with
&#x1f4c9;	downwards
&#x1f4c9;	trend
&#x1f4ca;	bar
&#x1f4ca;	chart
&#x1f4cb;	clipboard
&#x1f4cc;	pushpin
&#x1f4cd;	round
&#x1f4cd;	pushpin
&#x1f4ce;	paperclip
&#x1f587;	linked
&#x1f587;	paperclips
&#x1f4cf;	straight
&#x1f4cf;	ruler
&#x1f4d0;	triangular
&#x1f4d0;	ruler
&#x1f4db;	name
&#x1f4db;	badge
&#x2702;	black
&#x2702;	scissors
&#x1f5c3;	card
&#x1f5c3;	file
&#x1f5c3;	box
&#x1f5c4;	file
&#x1f5c4;	cabinet
&#x1f5d1;	wastebasket
&#x1f512;	lock
&#x1f513;	open
&#x1f513;	lock
&#x1f50f;	lock
&#x1f50f;	with
&#x1f50f;	ink
&#x1f50f;	pen
&#x1f510;	closed
&#x1f510;	lock
&#x1f510;	with
&#x1f510;	key
&#x1f511;	key
&#x1f5dd;	old
&#x1f5dd;	key
&#x1f528;	hammer
&#x26cf;	pick
&#x2692;	hammer
&#x2692;	and
&#x2692;	pick
&#x1f6e0;	hammer
&#x1f6e0;	and
&#x1f6e0;	wrench
&#x1f527;	wrench
&#x1f529;	nut
&#x1f529;	and
&#x1f529;	bolt
&#x2699;	gear
&#x1f5dc;	compression
&#x2697;	alembic
&#x2696;	scales
&#x1f517;	link
&#x1f517;	symbol
&#x26d3;	chains
&#x1f489;	syringe
&#x1f48a;	pill
&#x1f5e1;	dagger
&#x1f5e1;	knife
&#x1f52a;	hocho
&#x2694;	crossed
&#x2694;	swords
&#x1f52b;	pistol
&#x1f6e1;	shield
&#x1f3f9;	bow
&#x1f3f9;	and
&#x1f3f9;	arrow
&#x1f6ac;	smoking
&#x1f6ac;	symbol
&#x26b0;	coffin
&#x26b1;	funeral
&#x26b1;	urn
&#x1f3c1;	chequered
&#x1f3c1;	flag
&#x1f3f3;	waving
&#x1f3f3;	white
&#x1f3f3;	flag
&#x1f3f4;	waving
&#x1f3f4;	black
&#x1f3f4;	flag
&#x1f6a9;	triangular
&#x1f6a9;	flag
&#x1f6a9;	on
&#x1f6a9;	post
&#x1f1e6 u+1f1eb;	flag
&#x1f1e6 u+1f1eb;	for
&#x1f1e6 u+1f1eb;	Afghanistan
&#x1f1e6 u+1f1fd;	flag
&#x1f1e6 u+1f1fd;	for
&#x1f1e6 u+1f1fd;	Åland
&#x1f1e6 u+1f1fd;	Islands
&#x1f1e6 u+1f1f1;	flag
&#x1f1e6 u+1f1f1;	for
&#x1f1e6 u+1f1f1;	Albania
&#x1f1e9 u+1f1ff;	flag
&#x1f1e9 u+1f1ff;	for
&#x1f1e9 u+1f1ff;	Algeria
&#x1f1e6 u+1f1f8;	flag
&#x1f1e6 u+1f1f8;	for
&#x1f1e6 u+1f1f8;	American
&#x1f1e6 u+1f1f8;	Samoa
&#x1f1e6 u+1f1e9;	flag
&#x1f1e6 u+1f1e9;	for
&#x1f1e6 u+1f1e9;	Andorra
&#x1f1e6 u+1f1f4;	flag
&#x1f1e6 u+1f1f4;	for
&#x1f1e6 u+1f1f4;	Angola
&#x1f1e6 u+1f1ee;	flag
&#x1f1e6 u+1f1ee;	for
&#x1f1e6 u+1f1ee;	Anguilla
&#x1f1e6 u+1f1f6;	flag
&#x1f1e6 u+1f1f6;	for
&#x1f1e6 u+1f1f6;	Antarctica
&#x1f1e6 u+1f1ec;	flag
&#x1f1e6 u+1f1ec;	for
&#x1f1e6 u+1f1ec;	Antigua
&#x1f1e6 u+1f1ec;	&amp;
&#x1f1e6 u+1f1ec;	Barbuda
&#x1f1e6 u+1f1f7;	flag
&#x1f1e6 u+1f1f7;	for
&#x1f1e6 u+1f1f7;	Argentina
&#x1f1e6 u+1f1f2;	flag
&#x1f1e6 u+1f1f2;	for
&#x1f1e6 u+1f1f2;	Armenia
&#x1f1e6 u+1f1fc;	flag
&#x1f1e6 u+1f1fc;	for
&#x1f1e6 u+1f1fc;	Aruba
&#x1f1e6 u+1f1e8;	flag
&#x1f1e6 u+1f1e8;	for
&#x1f1e6 u+1f1e8;	Ascension
&#x1f1e6 u+1f1e8;	Island
&#x1f1e6 u+1f1fa;	flag
&#x1f1e6 u+1f1fa;	for
&#x1f1e6 u+1f1fa;	Australia
&#x1f1e6 u+1f1f9;	flag
&#x1f1e6 u+1f1f9;	for
&#x1f1e6 u+1f1f9;	Austria
&#x1f1e6 u+1f1ff;	flag
&#x1f1e6 u+1f1ff;	for
&#x1f1e6 u+1f1ff;	Azerbaijan
&#x1f1e7 u+1f1f8;	flag
&#x1f1e7 u+1f1f8;	for
&#x1f1e7 u+1f1f8;	Bahamas
&#x1f1e7 u+1f1ed;	flag
&#x1f1e7 u+1f1ed;	for
&#x1f1e7 u+1f1ed;	Bahrain
&#x1f1e7 u+1f1e9;	flag
&#x1f1e7 u+1f1e9;	for
&#x1f1e7 u+1f1e9;	Bangladesh
&#x1f1e7 u+1f1e7;	flag
&#x1f1e7 u+1f1e7;	for
&#x1f1e7 u+1f1e7;	Barbados
&#x1f1e7 u+1f1fe;	flag
&#x1f1e7 u+1f1fe;	for
&#x1f1e7 u+1f1fe;	Belarus
&#x1f1e7 u+1f1ea;	flag
&#x1f1e7 u+1f1ea;	for
&#x1f1e7 u+1f1ea;	Belgium
&#x1f1e7 u+1f1ff;	flag
&#x1f1e7 u+1f1ff;	for
&#x1f1e7 u+1f1ff;	Belize
&#x1f1e7 u+1f1ef;	flag
&#x1f1e7 u+1f1ef;	for
&#x1f1e7 u+1f1ef;	Benin
&#x1f1e7 u+1f1f2;	flag
&#x1f1e7 u+1f1f2;	for
&#x1f1e7 u+1f1f2;	Bermuda
&#x1f1e7 u+1f1f9;	flag
&#x1f1e7 u+1f1f9;	for
&#x1f1e7 u+1f1f9;	Bhutan
&#x1f1e7 u+1f1f4;	flag
&#x1f1e7 u+1f1f4;	for
&#x1f1e7 u+1f1f4;	Bolivia
&#x1f1e7 u+1f1e6;	flag
&#x1f1e7 u+1f1e6;	for
&#x1f1e7 u+1f1e6;	Bosnia
&#x1f1e7 u+1f1e6;	&amp;
&#x1f1e7 u+1f1e6;	Herzegovina
&#x1f1e7 u+1f1fc;	flag
&#x1f1e7 u+1f1fc;	for
&#x1f1e7 u+1f1fc;	Botswana
&#x1f1e7 u+1f1fb;	flag
&#x1f1e7 u+1f1fb;	for
&#x1f1e7 u+1f1fb;	Bouvet
&#x1f1e7 u+1f1fb;	Island
&#x1f1e7 u+1f1f7;	flag
&#x1f1e7 u+1f1f7;	for
&#x1f1e7 u+1f1f7;	Brazil
&#x1f1ee u+1f1f4;	flag
&#x1f1ee u+1f1f4;	for
&#x1f1ee u+1f1f4;	British
&#x1f1ee u+1f1f4;	Indian
&#x1f1ee u+1f1f4;	Ocean
&#x1f1ee u+1f1f4;	Territory
&#x1f1fb u+1f1ec;	flag
&#x1f1fb u+1f1ec;	for
&#x1f1fb u+1f1ec;	British
&#x1f1fb u+1f1ec;	Virgin
&#x1f1fb u+1f1ec;	Islands
&#x1f1e7 u+1f1f3;	flag
&#x1f1e7 u+1f1f3;	for
&#x1f1e7 u+1f1f3;	Brunei
&#x1f1e7 u+1f1ec;	flag
&#x1f1e7 u+1f1ec;	for
&#x1f1e7 u+1f1ec;	Bulgaria
&#x1f1e7 u+1f1eb;	flag
&#x1f1e7 u+1f1eb;	for
&#x1f1e7 u+1f1eb;	Burkina
&#x1f1e7 u+1f1eb;	Faso
&#x1f1e7 u+1f1ee;	flag
&#x1f1e7 u+1f1ee;	for
&#x1f1e7 u+1f1ee;	Burundi
&#x1f1f0 u+1f1ed;	flag
&#x1f1f0 u+1f1ed;	for
&#x1f1f0 u+1f1ed;	Cambodia
&#x1f1e8 u+1f1f2;	flag
&#x1f1e8 u+1f1f2;	for
&#x1f1e8 u+1f1f2;	Cameroon
&#x1f1e8 u+1f1e6;	flag
&#x1f1e8 u+1f1e6;	for
&#x1f1e8 u+1f1e6;	Canada
&#x1f1ee u+1f1e8;	flag
&#x1f1ee u+1f1e8;	for
&#x1f1ee u+1f1e8;	Canary
&#x1f1ee u+1f1e8;	Islands
&#x1f1e8 u+1f1fb;	flag
&#x1f1e8 u+1f1fb;	for
&#x1f1e8 u+1f1fb;	Cape
&#x1f1e8 u+1f1fb;	Verde
&#x1f1e7 u+1f1f6;	flag
&#x1f1e7 u+1f1f6;	for
&#x1f1e7 u+1f1f6;	Caribbean
&#x1f1e7 u+1f1f6;	Netherlands
&#x1f1f0 u+1f1fe;	flag
&#x1f1f0 u+1f1fe;	for
&#x1f1f0 u+1f1fe;	Cayman
&#x1f1f0 u+1f1fe;	Islands
&#x1f1e8 u+1f1eb;	flag
&#x1f1e8 u+1f1eb;	for
&#x1f1e8 u+1f1eb;	Central
&#x1f1e8 u+1f1eb;	African
&#x1f1e8 u+1f1eb;	Republic
&#x1f1ea u+1f1e6;	flag
&#x1f1ea u+1f1e6;	for
&#x1f1ea u+1f1e6;	Ceuta
&#x1f1ea u+1f1e6;	&amp;
&#x1f1ea u+1f1e6;	Melilla
&#x1f1f9 u+1f1e9;	flag
&#x1f1f9 u+1f1e9;	for
&#x1f1f9 u+1f1e9;	Chad
&#x1f1e8 u+1f1f1;	flag
&#x1f1e8 u+1f1f1;	for
&#x1f1e8 u+1f1f1;	Chile
&#x1f1e8 u+1f1f3;	flag
&#x1f1e8 u+1f1f3;	for
&#x1f1e8 u+1f1f3;	China
&#x1f1e8 u+1f1fd;	flag
&#x1f1e8 u+1f1fd;	for
&#x1f1e8 u+1f1fd;	Christmas
&#x1f1e8 u+1f1fd;	Island
&#x1f1e8 u+1f1f5;	flag
&#x1f1e8 u+1f1f5;	for
&#x1f1e8 u+1f1f5;	Clipperton
&#x1f1e8 u+1f1f5;	Island
&#x1f1e8 u+1f1e8;	flag
&#x1f1e8 u+1f1e8;	for
&#x1f1e8 u+1f1e8;	Cocos
&#x1f1e8 u+1f1e8;	Islands
&#x1f1e8 u+1f1f4;	flag
&#x1f1e8 u+1f1f4;	for
&#x1f1e8 u+1f1f4;	Colombia
&#x1f1f0 u+1f1f2;	flag
&#x1f1f0 u+1f1f2;	for
&#x1f1f0 u+1f1f2;	Comoros
&#x1f1e8 u+1f1ec;	flag
&#x1f1e8 u+1f1ec;	for
&#x1f1e8 u+1f1ec;	Congo
&#x1f1e8 u+1f1ec;	-
&#x1f1e8 u+1f1ec;	Brazzaville
&#x1f1e8 u+1f1e9;	flag
&#x1f1e8 u+1f1e9;	for
&#x1f1e8 u+1f1e9;	Congo
&#x1f1e8 u+1f1e9;	-
&#x1f1e8 u+1f1e9;	Kinshasa
&#x1f1e8 u+1f1f0;	flag
&#x1f1e8 u+1f1f0;	for
&#x1f1e8 u+1f1f0;	Cook
&#x1f1e8 u+1f1f0;	Islands
&#x1f1e8 u+1f1f7;	flag
&#x1f1e8 u+1f1f7;	for
&#x1f1e8 u+1f1f7;	Costa
&#x1f1e8 u+1f1f7;	Rica
&#x1f1e8 u+1f1ee;	flag
&#x1f1e8 u+1f1ee;	for
&#x1f1e8 u+1f1ee;	Côte
&#x1f1e8 u+1f1ee;	d’Ivoire
&#x1f1ed u+1f1f7;	flag
&#x1f1ed u+1f1f7;	for
&#x1f1ed u+1f1f7;	Croatia
&#x1f1e8 u+1f1fa;	flag
&#x1f1e8 u+1f1fa;	for
&#x1f1e8 u+1f1fa;	Cuba
&#x1f1e8 u+1f1fc;	flag
&#x1f1e8 u+1f1fc;	for
&#x1f1e8 u+1f1fc;	Curaçao
&#x1f1e8 u+1f1fe;	flag
&#x1f1e8 u+1f1fe;	for
&#x1f1e8 u+1f1fe;	Cyprus
&#x1f1e8 u+1f1ff;	flag
&#x1f1e8 u+1f1ff;	for
&#x1f1e8 u+1f1ff;	Czech
&#x1f1e8 u+1f1ff;	Republic
&#x1f1e9 u+1f1f0;	flag
&#x1f1e9 u+1f1f0;	for
&#x1f1e9 u+1f1f0;	Denmark
&#x1f1e9 u+1f1ec;	flag
&#x1f1e9 u+1f1ec;	for
&#x1f1e9 u+1f1ec;	Diego
&#x1f1e9 u+1f1ec;	Garcia
&#x1f1e9 u+1f1ef;	flag
&#x1f1e9 u+1f1ef;	for
&#x1f1e9 u+1f1ef;	Djibouti
&#x1f1e9 u+1f1f2;	flag
&#x1f1e9 u+1f1f2;	for
&#x1f1e9 u+1f1f2;	Dominica
&#x1f1e9 u+1f1f4;	flag
&#x1f1e9 u+1f1f4;	for
&#x1f1e9 u+1f1f4;	Dominican
&#x1f1e9 u+1f1f4;	Republic
&#x1f1ea u+1f1e8;	flag
&#x1f1ea u+1f1e8;	for
&#x1f1ea u+1f1e8;	Ecuador
&#x1f1ea u+1f1ec;	flag
&#x1f1ea u+1f1ec;	for
&#x1f1ea u+1f1ec;	Egypt
&#x1f1f8 u+1f1fb;	flag
&#x1f1f8 u+1f1fb;	for
&#x1f1f8 u+1f1fb;	El
&#x1f1f8 u+1f1fb;	Salvador
&#x1f1ec u+1f1f6;	flag
&#x1f1ec u+1f1f6;	for
&#x1f1ec u+1f1f6;	Equatorial
&#x1f1ec u+1f1f6;	Guinea
&#x1f1ea u+1f1f7;	flag
&#x1f1ea u+1f1f7;	for
&#x1f1ea u+1f1f7;	Eritrea
&#x1f1ea u+1f1ea;	flag
&#x1f1ea u+1f1ea;	for
&#x1f1ea u+1f1ea;	Estonia
&#x1f1ea u+1f1f9;	flag
&#x1f1ea u+1f1f9;	for
&#x1f1ea u+1f1f9;	Ethiopia
&#x1f1ea u+1f1fa;	flag
&#x1f1ea u+1f1fa;	for
&#x1f1ea u+1f1fa;	European
&#x1f1ea u+1f1fa;	Union
&#x1f1eb u+1f1f0;	flag
&#x1f1eb u+1f1f0;	for
&#x1f1eb u+1f1f0;	Falkland
&#x1f1eb u+1f1f0;	Islands
&#x1f1eb u+1f1f4;	flag
&#x1f1eb u+1f1f4;	for
&#x1f1eb u+1f1f4;	Faroe
&#x1f1eb u+1f1f4;	Islands
&#x1f1eb u+1f1ef;	flag
&#x1f1eb u+1f1ef;	for
&#x1f1eb u+1f1ef;	Fiji
&#x1f1eb u+1f1ee;	flag
&#x1f1eb u+1f1ee;	for
&#x1f1eb u+1f1ee;	Finland
&#x1f1eb u+1f1f7;	flag
&#x1f1eb u+1f1f7;	for
&#x1f1eb u+1f1f7;	France
&#x1f1ec u+1f1eb;	flag
&#x1f1ec u+1f1eb;	for
&#x1f1ec u+1f1eb;	French
&#x1f1ec u+1f1eb;	Guiana
&#x1f1f5 u+1f1eb;	flag
&#x1f1f5 u+1f1eb;	for
&#x1f1f5 u+1f1eb;	French
&#x1f1f5 u+1f1eb;	Polynesia
&#x1f1f9 u+1f1eb;	flag
&#x1f1f9 u+1f1eb;	for
&#x1f1f9 u+1f1eb;	French
&#x1f1f9 u+1f1eb;	Southern
&#x1f1f9 u+1f1eb;	Territories
&#x1f1ec u+1f1e6;	flag
&#x1f1ec u+1f1e6;	for
&#x1f1ec u+1f1e6;	Gabon
&#x1f1ec u+1f1f2;	flag
&#x1f1ec u+1f1f2;	for
&#x1f1ec u+1f1f2;	Gambia
&#x1f1ec u+1f1ea;	flag
&#x1f1ec u+1f1ea;	for
&#x1f1ec u+1f1ea;	Georgia
&#x1f1e9 u+1f1ea;	flag
&#x1f1e9 u+1f1ea;	for
&#x1f1e9 u+1f1ea;	Germany
&#x1f1ec u+1f1ed;	flag
&#x1f1ec u+1f1ed;	for
&#x1f1ec u+1f1ed;	Ghana
&#x1f1ec u+1f1ee;	flag
&#x1f1ec u+1f1ee;	for
&#x1f1ec u+1f1ee;	Gibraltar
&#x1f1ec u+1f1f7;	flag
&#x1f1ec u+1f1f7;	for
&#x1f1ec u+1f1f7;	Greece
&#x1f1ec u+1f1f1;	flag
&#x1f1ec u+1f1f1;	for
&#x1f1ec u+1f1f1;	Greenland
&#x1f1ec u+1f1e9;	flag
&#x1f1ec u+1f1e9;	for
&#x1f1ec u+1f1e9;	Grenada
&#x1f1ec u+1f1f5;	flag
&#x1f1ec u+1f1f5;	for
&#x1f1ec u+1f1f5;	Guadeloupe
&#x1f1ec u+1f1fa;	flag
&#x1f1ec u+1f1fa;	for
&#x1f1ec u+1f1fa;	Guam
&#x1f1ec u+1f1f9;	flag
&#x1f1ec u+1f1f9;	for
&#x1f1ec u+1f1f9;	Guatemala
&#x1f1ec u+1f1ec;	flag
&#x1f1ec u+1f1ec;	for
&#x1f1ec u+1f1ec;	Guernsey
&#x1f1ec u+1f1f3;	flag
&#x1f1ec u+1f1f3;	for
&#x1f1ec u+1f1f3;	Guinea
&#x1f1ec u+1f1fc;	flag
&#x1f1ec u+1f1fc;	for
&#x1f1ec u+1f1fc;	Guinea-Bissau
&#x1f1ec u+1f1fe;	flag
&#x1f1ec u+1f1fe;	for
&#x1f1ec u+1f1fe;	Guyana
&#x1f1ed u+1f1f9;	flag
&#x1f1ed u+1f1f9;	for
&#x1f1ed u+1f1f9;	Haiti
&#x1f1ed u+1f1f2;	flag
&#x1f1ed u+1f1f2;	for
&#x1f1ed u+1f1f2;	Heard
&#x1f1ed u+1f1f2;	&amp;
&#x1f1ed u+1f1f2;	McDonald
&#x1f1ed u+1f1f2;	Islands
&#x1f1ed u+1f1f3;	flag
&#x1f1ed u+1f1f3;	for
&#x1f1ed u+1f1f3;	Honduras
&#x1f1ed u+1f1f0;	flag
&#x1f1ed u+1f1f0;	for
&#x1f1ed u+1f1f0;	Hong
&#x1f1ed u+1f1f0;	Kong
&#x1f1ed u+1f1fa;	flag
&#x1f1ed u+1f1fa;	for
&#x1f1ed u+1f1fa;	Hungary
&#x1f1ee u+1f1f8;	flag
&#x1f1ee u+1f1f8;	for
&#x1f1ee u+1f1f8;	Iceland
&#x1f1ee u+1f1f3;	flag
&#x1f1ee u+1f1f3;	for
&#x1f1ee u+1f1f3;	India
&#x1f1ee u+1f1e9;	flag
&#x1f1ee u+1f1e9;	for
&#x1f1ee u+1f1e9;	Indonesia
&#x1f1ee u+1f1f7;	flag
&#x1f1ee u+1f1f7;	for
&#x1f1ee u+1f1f7;	Iran
&#x1f1ee u+1f1f6;	flag
&#x1f1ee u+1f1f6;	for
&#x1f1ee u+1f1f6;	Iraq
&#x1f1ee u+1f1ea;	flag
&#x1f1ee u+1f1ea;	for
&#x1f1ee u+1f1ea;	Ireland
&#x1f1ee u+1f1f2;	flag
&#x1f1ee u+1f1f2;	for
&#x1f1ee u+1f1f2;	Isle
&#x1f1ee u+1f1f2;	of
&#x1f1ee u+1f1f2;	Man
&#x1f1ee u+1f1f1;	flag
&#x1f1ee u+1f1f1;	for
&#x1f1ee u+1f1f1;	Israel
&#x1f1ee u+1f1f9;	flag
&#x1f1ee u+1f1f9;	for
&#x1f1ee u+1f1f9;	Italy
&#x1f1ef u+1f1f2;	flag
&#x1f1ef u+1f1f2;	for
&#x1f1ef u+1f1f2;	Jamaica
&#x1f1ef u+1f1f5;	flag
&#x1f1ef u+1f1f5;	for
&#x1f1ef u+1f1f5;	Japan
&#x1f1ef u+1f1ea;	flag
&#x1f1ef u+1f1ea;	for
&#x1f1ef u+1f1ea;	Jersey
&#x1f1ef u+1f1f4;	flag
&#x1f1ef u+1f1f4;	for
&#x1f1ef u+1f1f4;	Jordan
&#x1f1f0 u+1f1ff;	flag
&#x1f1f0 u+1f1ff;	for
&#x1f1f0 u+1f1ff;	Kazakhstan
&#x1f1f0 u+1f1ea;	flag
&#x1f1f0 u+1f1ea;	for
&#x1f1f0 u+1f1ea;	Kenya
&#x1f1f0 u+1f1ee;	flag
&#x1f1f0 u+1f1ee;	for
&#x1f1f0 u+1f1ee;	Kiribati
&#x1f1fd u+1f1f0;	flag
&#x1f1fd u+1f1f0;	for
&#x1f1fd u+1f1f0;	Kosovo
&#x1f1f0 u+1f1fc;	flag
&#x1f1f0 u+1f1fc;	for
&#x1f1f0 u+1f1fc;	Kuwait
&#x1f1f0 u+1f1ec;	flag
&#x1f1f0 u+1f1ec;	for
&#x1f1f0 u+1f1ec;	Kyrgyzstan
&#x1f1f1 u+1f1e6;	flag
&#x1f1f1 u+1f1e6;	for
&#x1f1f1 u+1f1e6;	Laos
&#x1f1f1 u+1f1fb;	flag
&#x1f1f1 u+1f1fb;	for
&#x1f1f1 u+1f1fb;	Latvia
&#x1f1f1 u+1f1e7;	flag
&#x1f1f1 u+1f1e7;	for
&#x1f1f1 u+1f1e7;	Lebanon
&#x1f1f1 u+1f1f8;	flag
&#x1f1f1 u+1f1f8;	for
&#x1f1f1 u+1f1f8;	Lesotho
&#x1f1f1 u+1f1f7;	flag
&#x1f1f1 u+1f1f7;	for
&#x1f1f1 u+1f1f7;	Liberia
&#x1f1f1 u+1f1fe;	flag
&#x1f1f1 u+1f1fe;	for
&#x1f1f1 u+1f1fe;	Libya
&#x1f1f1 u+1f1ee;	flag
&#x1f1f1 u+1f1ee;	for
&#x1f1f1 u+1f1ee;	Liechtenstein
&#x1f1f1 u+1f1f9;	flag
&#x1f1f1 u+1f1f9;	for
&#x1f1f1 u+1f1f9;	Lithuania
&#x1f1f1 u+1f1fa;	flag
&#x1f1f1 u+1f1fa;	for
&#x1f1f1 u+1f1fa;	Luxembourg
&#x1f1f2 u+1f1f4;	flag
&#x1f1f2 u+1f1f4;	for
&#x1f1f2 u+1f1f4;	Macau
&#x1f1f2 u+1f1f0;	flag
&#x1f1f2 u+1f1f0;	for
&#x1f1f2 u+1f1f0;	Macedonia
&#x1f1f2 u+1f1ec;	flag
&#x1f1f2 u+1f1ec;	for
&#x1f1f2 u+1f1ec;	Madagascar
&#x1f1f2 u+1f1fc;	flag
&#x1f1f2 u+1f1fc;	for
&#x1f1f2 u+1f1fc;	Malawi
&#x1f1f2 u+1f1fe;	flag
&#x1f1f2 u+1f1fe;	for
&#x1f1f2 u+1f1fe;	Malaysia
&#x1f1f2 u+1f1fb;	flag
&#x1f1f2 u+1f1fb;	for
&#x1f1f2 u+1f1fb;	Maldives
&#x1f1f2 u+1f1f1;	flag
&#x1f1f2 u+1f1f1;	for
&#x1f1f2 u+1f1f1;	Mali
&#x1f1f2 u+1f1f9;	flag
&#x1f1f2 u+1f1f9;	for
&#x1f1f2 u+1f1f9;	Malta
&#x1f1f2 u+1f1ed;	flag
&#x1f1f2 u+1f1ed;	for
&#x1f1f2 u+1f1ed;	Marshall
&#x1f1f2 u+1f1ed;	Islands
&#x1f1f2 u+1f1f6;	flag
&#x1f1f2 u+1f1f6;	for
&#x1f1f2 u+1f1f6;	Martinique
&#x1f1f2 u+1f1f7;	flag
&#x1f1f2 u+1f1f7;	for
&#x1f1f2 u+1f1f7;	Mauritania
&#x1f1f2 u+1f1fa;	flag
&#x1f1f2 u+1f1fa;	for
&#x1f1f2 u+1f1fa;	Mauritius
&#x1f1fe u+1f1f9;	flag
&#x1f1fe u+1f1f9;	for
&#x1f1fe u+1f1f9;	Mayotte
&#x1f1f2 u+1f1fd;	flag
&#x1f1f2 u+1f1fd;	for
&#x1f1f2 u+1f1fd;	Mexico
&#x1f1eb u+1f1f2;	flag
&#x1f1eb u+1f1f2;	for
&#x1f1eb u+1f1f2;	Micronesia
&#x1f1f2 u+1f1e9;	flag
&#x1f1f2 u+1f1e9;	for
&#x1f1f2 u+1f1e9;	Moldova
&#x1f1f2 u+1f1e8;	flag
&#x1f1f2 u+1f1e8;	for
&#x1f1f2 u+1f1e8;	Monaco
&#x1f1f2 u+1f1f3;	flag
&#x1f1f2 u+1f1f3;	for
&#x1f1f2 u+1f1f3;	Mongolia
&#x1f1f2 u+1f1ea;	flag
&#x1f1f2 u+1f1ea;	for
&#x1f1f2 u+1f1ea;	Montenegro
&#x1f1f2 u+1f1f8;	flag
&#x1f1f2 u+1f1f8;	for
&#x1f1f2 u+1f1f8;	Montserrat
&#x1f1f2 u+1f1e6;	flag
&#x1f1f2 u+1f1e6;	for
&#x1f1f2 u+1f1e6;	Morocco
&#x1f1f2 u+1f1ff;	flag
&#x1f1f2 u+1f1ff;	for
&#x1f1f2 u+1f1ff;	Mozambique
&#x1f1f2 u+1f1f2;	flag
&#x1f1f2 u+1f1f2;	for
&#x1f1f2 u+1f1f2;	Myanmar
&#x1f1f3 u+1f1e6;	flag
&#x1f1f3 u+1f1e6;	for
&#x1f1f3 u+1f1e6;	Namibia
&#x1f1f3 u+1f1f7;	flag
&#x1f1f3 u+1f1f7;	for
&#x1f1f3 u+1f1f7;	Nauru
&#x1f1f3 u+1f1f5;	flag
&#x1f1f3 u+1f1f5;	for
&#x1f1f3 u+1f1f5;	Nepal
&#x1f1f3 u+1f1f1;	flag
&#x1f1f3 u+1f1f1;	for
&#x1f1f3 u+1f1f1;	Netherlands
&#x1f1f3 u+1f1e8;	flag
&#x1f1f3 u+1f1e8;	for
&#x1f1f3 u+1f1e8;	New
&#x1f1f3 u+1f1e8;	Caledonia
&#x1f1f3 u+1f1ff;	flag
&#x1f1f3 u+1f1ff;	for
&#x1f1f3 u+1f1ff;	New
&#x1f1f3 u+1f1ff;	Zealand
&#x1f1f3 u+1f1ee;	flag
&#x1f1f3 u+1f1ee;	for
&#x1f1f3 u+1f1ee;	Nicaragua
&#x1f1f3 u+1f1ea;	flag
&#x1f1f3 u+1f1ea;	for
&#x1f1f3 u+1f1ea;	Niger
&#x1f1f3 u+1f1ec;	flag
&#x1f1f3 u+1f1ec;	for
&#x1f1f3 u+1f1ec;	Nigeria
&#x1f1f3 u+1f1fa;	flag
&#x1f1f3 u+1f1fa;	for
&#x1f1f3 u+1f1fa;	Niue
&#x1f1f3 u+1f1eb;	flag
&#x1f1f3 u+1f1eb;	for
&#x1f1f3 u+1f1eb;	Norfolk
&#x1f1f3 u+1f1eb;	Island
&#x1f1f2 u+1f1f5;	flag
&#x1f1f2 u+1f1f5;	for
&#x1f1f2 u+1f1f5;	Northern
&#x1f1f2 u+1f1f5;	Mariana
&#x1f1f2 u+1f1f5;	Islands
&#x1f1f0 u+1f1f5;	flag
&#x1f1f0 u+1f1f5;	for
&#x1f1f0 u+1f1f5;	North
&#x1f1f0 u+1f1f5;	Korea
&#x1f1f3 u+1f1f4;	flag
&#x1f1f3 u+1f1f4;	for
&#x1f1f3 u+1f1f4;	Norway
&#x1f1f4 u+1f1f2;	flag
&#x1f1f4 u+1f1f2;	for
&#x1f1f4 u+1f1f2;	Oman
&#x1f1f5 u+1f1f0;	flag
&#x1f1f5 u+1f1f0;	for
&#x1f1f5 u+1f1f0;	Pakistan
&#x1f1f5 u+1f1fc;	flag
&#x1f1f5 u+1f1fc;	for
&#x1f1f5 u+1f1fc;	Palau
&#x1f1f5 u+1f1f8;	flag
&#x1f1f5 u+1f1f8;	for
&#x1f1f5 u+1f1f8;	Palestinian
&#x1f1f5 u+1f1f8;	Territories
&#x1f1f5 u+1f1e6;	flag
&#x1f1f5 u+1f1e6;	for
&#x1f1f5 u+1f1e6;	Panama
&#x1f1f5 u+1f1ec;	flag
&#x1f1f5 u+1f1ec;	for
&#x1f1f5 u+1f1ec;	Papua
&#x1f1f5 u+1f1ec;	New
&#x1f1f5 u+1f1ec;	Guinea
&#x1f1f5 u+1f1fe;	flag
&#x1f1f5 u+1f1fe;	for
&#x1f1f5 u+1f1fe;	Paraguay
&#x1f1f5 u+1f1ea;	flag
&#x1f1f5 u+1f1ea;	for
&#x1f1f5 u+1f1ea;	Peru
&#x1f1f5 u+1f1ed;	flag
&#x1f1f5 u+1f1ed;	for
&#x1f1f5 u+1f1ed;	Philippines
&#x1f1f5 u+1f1f3;	flag
&#x1f1f5 u+1f1f3;	for
&#x1f1f5 u+1f1f3;	Pitcairn
&#x1f1f5 u+1f1f3;	Islands
&#x1f1f5 u+1f1f1;	flag
&#x1f1f5 u+1f1f1;	for
&#x1f1f5 u+1f1f1;	Poland
&#x1f1f5 u+1f1f9;	flag
&#x1f1f5 u+1f1f9;	for
&#x1f1f5 u+1f1f9;	Portugal
&#x1f1f5 u+1f1f7;	flag
&#x1f1f5 u+1f1f7;	for
&#x1f1f5 u+1f1f7;	Puerto
&#x1f1f5 u+1f1f7;	Rico
&#x1f1f6 u+1f1e6;	flag
&#x1f1f6 u+1f1e6;	for
&#x1f1f6 u+1f1e6;	Qatar
&#x1f1f7 u+1f1ea;	flag
&#x1f1f7 u+1f1ea;	for
&#x1f1f7 u+1f1ea;	Réunion
&#x1f1f7 u+1f1f4;	flag
&#x1f1f7 u+1f1f4;	for
&#x1f1f7 u+1f1f4;	Romania
&#x1f1f7 u+1f1fa;	flag
&#x1f1f7 u+1f1fa;	for
&#x1f1f7 u+1f1fa;	Russia
&#x1f1f7 u+1f1fc;	flag
&#x1f1f7 u+1f1fc;	for
&#x1f1f7 u+1f1fc;	Rwanda
&#x1f1fc u+1f1f8;	flag
&#x1f1fc u+1f1f8;	for
&#x1f1fc u+1f1f8;	Samoa
&#x1f1f8 u+1f1f2;	flag
&#x1f1f8 u+1f1f2;	for
&#x1f1f8 u+1f1f2;	San
&#x1f1f8 u+1f1f2;	Marino
&#x1f1f8 u+1f1f9;	flag
&#x1f1f8 u+1f1f9;	for
&#x1f1f8 u+1f1f9;	São
&#x1f1f8 u+1f1f9;	Tomé
&#x1f1f8 u+1f1f9;	&amp;
&#x1f1f8 u+1f1f9;	Príncipe
&#x1f1f8 u+1f1e6;	flag
&#x1f1f8 u+1f1e6;	for
&#x1f1f8 u+1f1e6;	Saudi
&#x1f1f8 u+1f1e6;	Arabia
&#x1f1f8 u+1f1f3;	flag
&#x1f1f8 u+1f1f3;	for
&#x1f1f8 u+1f1f3;	Senegal
&#x1f1f7 u+1f1f8;	flag
&#x1f1f7 u+1f1f8;	for
&#x1f1f7 u+1f1f8;	Serbia
&#x1f1f8 u+1f1e8;	flag
&#x1f1f8 u+1f1e8;	for
&#x1f1f8 u+1f1e8;	Seychelles
&#x1f1f8 u+1f1f1;	flag
&#x1f1f8 u+1f1f1;	for
&#x1f1f8 u+1f1f1;	Sierra
&#x1f1f8 u+1f1f1;	Leone
&#x1f1f8 u+1f1ec;	flag
&#x1f1f8 u+1f1ec;	for
&#x1f1f8 u+1f1ec;	Singapore
&#x1f1f8 u+1f1fd;	flag
&#x1f1f8 u+1f1fd;	for
&#x1f1f8 u+1f1fd;	Sint
&#x1f1f8 u+1f1fd;	Maarten
&#x1f1f8 u+1f1f0;	flag
&#x1f1f8 u+1f1f0;	for
&#x1f1f8 u+1f1f0;	Slovakia
&#x1f1f8 u+1f1ee;	flag
&#x1f1f8 u+1f1ee;	for
&#x1f1f8 u+1f1ee;	Slovenia
&#x1f1f8 u+1f1e7;	flag
&#x1f1f8 u+1f1e7;	for
&#x1f1f8 u+1f1e7;	Solomon
&#x1f1f8 u+1f1e7;	Islands
&#x1f1f8 u+1f1f4;	flag
&#x1f1f8 u+1f1f4;	for
&#x1f1f8 u+1f1f4;	Somalia
&#x1f1ff u+1f1e6;	flag
&#x1f1ff u+1f1e6;	for
&#x1f1ff u+1f1e6;	South
&#x1f1ff u+1f1e6;	Africa
&#x1f1ec u+1f1f8;	flag
&#x1f1ec u+1f1f8;	for
&#x1f1ec u+1f1f8;	South
&#x1f1ec u+1f1f8;	Georgia
&#x1f1ec u+1f1f8;	&amp;
&#x1f1ec u+1f1f8;	South
&#x1f1ec u+1f1f8;	Sandwich
&#x1f1ec u+1f1f8;	Islands
&#x1f1f0 u+1f1f7;	flag
&#x1f1f0 u+1f1f7;	for
&#x1f1f0 u+1f1f7;	South
&#x1f1f0 u+1f1f7;	Korea
&#x1f1f8 u+1f1f8;	flag
&#x1f1f8 u+1f1f8;	for
&#x1f1f8 u+1f1f8;	South
&#x1f1f8 u+1f1f8;	Sudan
&#x1f1ea u+1f1f8;	flag
&#x1f1ea u+1f1f8;	for
&#x1f1ea u+1f1f8;	Spain
&#x1f1f1 u+1f1f0;	flag
&#x1f1f1 u+1f1f0;	for
&#x1f1f1 u+1f1f0;	Sri
&#x1f1f1 u+1f1f0;	Lanka
&#x1f1e7 u+1f1f1;	flag
&#x1f1e7 u+1f1f1;	for
&#x1f1e7 u+1f1f1;	St.
&#x1f1e7 u+1f1f1;	Barthélemy
&#x1f1f8 u+1f1ed;	flag
&#x1f1f8 u+1f1ed;	for
&#x1f1f8 u+1f1ed;	St.
&#x1f1f8 u+1f1ed;	Helena
&#x1f1f0 u+1f1f3;	flag
&#x1f1f0 u+1f1f3;	for
&#x1f1f0 u+1f1f3;	St.
&#x1f1f0 u+1f1f3;	Kitts
&#x1f1f0 u+1f1f3;	&amp;
&#x1f1f0 u+1f1f3;	Nevis
&#x1f1f1 u+1f1e8;	flag
&#x1f1f1 u+1f1e8;	for
&#x1f1f1 u+1f1e8;	St.
&#x1f1f1 u+1f1e8;	Lucia
&#x1f1f2 u+1f1eb;	flag
&#x1f1f2 u+1f1eb;	for
&#x1f1f2 u+1f1eb;	St.
&#x1f1f2 u+1f1eb;	Martin
&#x1f1f5 u+1f1f2;	flag
&#x1f1f5 u+1f1f2;	for
&#x1f1f5 u+1f1f2;	St.
&#x1f1f5 u+1f1f2;	Pierre
&#x1f1f5 u+1f1f2;	&amp;
&#x1f1f5 u+1f1f2;	Miquelon
&#x1f1fb u+1f1e8;	flag
&#x1f1fb u+1f1e8;	for
&#x1f1fb u+1f1e8;	St.
&#x1f1fb u+1f1e8;	Vincent
&#x1f1fb u+1f1e8;	&amp;
&#x1f1fb u+1f1e8;	Grenadines
&#x1f1f8 u+1f1e9;	flag
&#x1f1f8 u+1f1e9;	for
&#x1f1f8 u+1f1e9;	Sudan
&#x1f1f8 u+1f1f7;	flag
&#x1f1f8 u+1f1f7;	for
&#x1f1f8 u+1f1f7;	Suriname
&#x1f1f8 u+1f1ef;	flag
&#x1f1f8 u+1f1ef;	for
&#x1f1f8 u+1f1ef;	Svalbard
&#x1f1f8 u+1f1ef;	&amp;
&#x1f1f8 u+1f1ef;	Jan
&#x1f1f8 u+1f1ef;	Mayen
&#x1f1f8 u+1f1ff;	flag
&#x1f1f8 u+1f1ff;	for
&#x1f1f8 u+1f1ff;	Swaziland
&#x1f1f8 u+1f1ea;	flag
&#x1f1f8 u+1f1ea;	for
&#x1f1f8 u+1f1ea;	Sweden
&#x1f1e8 u+1f1ed;	flag
&#x1f1e8 u+1f1ed;	for
&#x1f1e8 u+1f1ed;	Switzerland
&#x1f1f8 u+1f1fe;	flag
&#x1f1f8 u+1f1fe;	for
&#x1f1f8 u+1f1fe;	Syria
&#x1f1f9 u+1f1fc;	flag
&#x1f1f9 u+1f1fc;	for
&#x1f1f9 u+1f1fc;	Taiwan
&#x1f1f9 u+1f1ef;	flag
&#x1f1f9 u+1f1ef;	for
&#x1f1f9 u+1f1ef;	Tajikistan
&#x1f1f9 u+1f1ff;	flag
&#x1f1f9 u+1f1ff;	for
&#x1f1f9 u+1f1ff;	Tanzania
&#x1f1f9 u+1f1ed;	flag
&#x1f1f9 u+1f1ed;	for
&#x1f1f9 u+1f1ed;	Thailand
&#x1f1f9 u+1f1f1;	flag
&#x1f1f9 u+1f1f1;	for
&#x1f1f9 u+1f1f1;	Timor-Leste
&#x1f1f9 u+1f1ec;	flag
&#x1f1f9 u+1f1ec;	for
&#x1f1f9 u+1f1ec;	Togo
&#x1f1f9 u+1f1f0;	flag
&#x1f1f9 u+1f1f0;	for
&#x1f1f9 u+1f1f0;	Tokelau
&#x1f1f9 u+1f1f4;	flag
&#x1f1f9 u+1f1f4;	for
&#x1f1f9 u+1f1f4;	Tonga
&#x1f1f9 u+1f1f9;	flag
&#x1f1f9 u+1f1f9;	for
&#x1f1f9 u+1f1f9;	Trinidad
&#x1f1f9 u+1f1f9;	&amp;
&#x1f1f9 u+1f1f9;	Tobago
&#x1f1f9 u+1f1e6;	flag
&#x1f1f9 u+1f1e6;	for
&#x1f1f9 u+1f1e6;	Tristan
&#x1f1f9 u+1f1e6;	da
&#x1f1f9 u+1f1e6;	Cunha
&#x1f1f9 u+1f1f3;	flag
&#x1f1f9 u+1f1f3;	for
&#x1f1f9 u+1f1f3;	Tunisia
&#x1f1f9 u+1f1f7;	flag
&#x1f1f9 u+1f1f7;	for
&#x1f1f9 u+1f1f7;	Turkey
&#x1f1f9 u+1f1f2;	flag
&#x1f1f9 u+1f1f2;	for
&#x1f1f9 u+1f1f2;	Turkmenistan
&#x1f1f9 u+1f1e8;	flag
&#x1f1f9 u+1f1e8;	for
&#x1f1f9 u+1f1e8;	Turks
&#x1f1f9 u+1f1e8;	&amp;
&#x1f1f9 u+1f1e8;	Caicos
&#x1f1f9 u+1f1e8;	Islands
&#x1f1f9 u+1f1fb;	flag
&#x1f1f9 u+1f1fb;	for
&#x1f1f9 u+1f1fb;	Tuvalu
&#x1f1fa u+1f1ec;	flag
&#x1f1fa u+1f1ec;	for
&#x1f1fa u+1f1ec;	Uganda
&#x1f1fa u+1f1e6;	flag
&#x1f1fa u+1f1e6;	for
&#x1f1fa u+1f1e6;	Ukraine
&#x1f1e6 u+1f1ea;	flag
&#x1f1e6 u+1f1ea;	for
&#x1f1e6 u+1f1ea;	United
&#x1f1e6 u+1f1ea;	Arab
&#x1f1e6 u+1f1ea;	Emirates
&#x1f1ec u+1f1e7;	flag
&#x1f1ec u+1f1e7;	for
&#x1f1ec u+1f1e7;	United
&#x1f1ec u+1f1e7;	Kingdom
&#x1f1fa u+1f1f8;	flag
&#x1f1fa u+1f1f8;	for
&#x1f1fa u+1f1f8;	United
&#x1f1fa u+1f1f8;	States
&#x1f1fa u+1f1fe;	flag
&#x1f1fa u+1f1fe;	for
&#x1f1fa u+1f1fe;	Uruguay
&#x1f1fa u+1f1f2;	flag
&#x1f1fa u+1f1f2;	for
&#x1f1fa u+1f1f2;	U.S.
&#x1f1fa u+1f1f2;	Outlying
&#x1f1fa u+1f1f2;	Islands
&#x1f1fb u+1f1ee;	flag
&#x1f1fb u+1f1ee;	for
&#x1f1fb u+1f1ee;	U.S.
&#x1f1fb u+1f1ee;	Virgin
&#x1f1fb u+1f1ee;	Islands
&#x1f1fa u+1f1ff;	flag
&#x1f1fa u+1f1ff;	for
&#x1f1fa u+1f1ff;	Uzbekistan
&#x1f1fb u+1f1fa;	flag
&#x1f1fb u+1f1fa;	for
&#x1f1fb u+1f1fa;	Vanuatu
&#x1f1fb u+1f1e6;	flag
&#x1f1fb u+1f1e6;	for
&#x1f1fb u+1f1e6;	Vatican
&#x1f1fb u+1f1e6;	City
&#x1f1fb u+1f1ea;	flag
&#x1f1fb u+1f1ea;	for
&#x1f1fb u+1f1ea;	Venezuela
&#x1f1fb u+1f1f3;	flag
&#x1f1fb u+1f1f3;	for
&#x1f1fb u+1f1f3;	Vietnam
&#x1f1fc u+1f1eb;	flag
&#x1f1fc u+1f1eb;	for
&#x1f1fc u+1f1eb;	Wallis
&#x1f1fc u+1f1eb;	&amp;
&#x1f1fc u+1f1eb;	Futuna
&#x1f1ea u+1f1ed;	flag
&#x1f1ea u+1f1ed;	for
&#x1f1ea u+1f1ed;	Western
&#x1f1ea u+1f1ed;	Sahara
&#x1f1fe u+1f1ea;	flag
&#x1f1fe u+1f1ea;	for
&#x1f1fe u+1f1ea;	Yemen
&#x1f1ff u+1f1f2;	flag
&#x1f1ff u+1f1f2;	for
&#x1f1ff u+1f1f2;	Zambia
&#x1f1ff u+1f1fc;	flag
&#x1f1ff u+1f1fc;	for
&#x1f1ff u+1f1fc;	Zimbabwe
&#x2b06;	upwards
&#x2b06;	black
&#x2b06;	arrow
&#x2197;	north
&#x2197;	east
&#x2197;	arrow
&#x27a1;	black
&#x27a1;	rightwards
&#x27a1;	arrow
&#x2198;	south
&#x2198;	east
&#x2198;	arrow
&#x2b07;	downwards
&#x2b07;	black
&#x2b07;	arrow
&#x2199;	south
&#x2199;	west
&#x2199;	arrow
&#x2b05;	leftwards
&#x2b05;	black
&#x2b05;	arrow
&#x2196;	north
&#x2196;	west
&#x2196;	arrow
&#x2195;	up
&#x2195;	down
&#x2195;	arrow
&#x2194;	left
&#x2194;	right
&#x2194;	arrow
&#x21a9;	leftwards
&#x21a9;	arrow
&#x21a9;	with
&#x21a9;	hook
&#x21aa;	rightwards
&#x21aa;	arrow
&#x21aa;	with
&#x21aa;	hook
&#x2934;	arrow
&#x2934;	pointing
&#x2934;	rightwards
&#x2934;	then
&#x2934;	curving
&#x2934;	upwards
&#x2935;	arrow
&#x2935;	pointing
&#x2935;	rightwards
&#x2935;	then
&#x2935;	curving
&#x2935;	downwards
&#x1f503;	clockwise
&#x1f503;	downwards
&#x1f503;	and
&#x1f503;	upwards
&#x1f503;	open
&#x1f503;	circle
&#x1f503;	arrows
&#x1f504;	anticlockwise
&#x1f504;	downwards
&#x1f504;	and
&#x1f504;	upwards
&#x1f504;	open
&#x1f504;	circle
&#x1f504;	arrows
&#x1f519;	back
&#x1f519;	with
&#x1f519;	leftwards
&#x1f519;	arrow
&#x1f519;	above
&#x1f51a;	end
&#x1f51a;	with
&#x1f51a;	leftwards
&#x1f51a;	arrow
&#x1f51a;	above
&#x1f51b;	on
&#x1f51b;	with
&#x1f51b;	exclamation
&#x1f51b;	mark
&#x1f51b;	with
&#x1f51b;	left
&#x1f51b;	right
&#x1f51b;	arrow
&#x1f51b;	above
&#x1f51c;	soon
&#x1f51c;	with
&#x1f51c;	rightwards
&#x1f51c;	arrow
&#x1f51c;	above
&#x1f51d;	top
&#x1f51d;	with
&#x1f51d;	upwards
&#x1f51d;	arrow
&#x1f51d;	above
&#x269c;	fleur-de-lis
&#x1f530;	japanese
&#x1f530;	symbol
&#x1f530;	for
&#x1f530;	beginner
&#x269b;	atom
&#x269b;	symbol
&#x1f549;	om
&#x1f549;	symbol
&#x2721;	star
&#x2721;	of
&#x2721;	david
&#x2638;	wheel
&#x2638;	of
&#x2638;	dharma
&#x262f;	yin
&#x262f;	yang
&#x271d;	latin
&#x271d;	cross
&#x2626;	orthodox
&#x2626;	cross
&#x26e9;	shinto
&#x26e9;	shrine
&#x262a;	star
&#x262a;	and
&#x262a;	crescent
&#x262e;	peace
&#x262e;	symbol
&#x1f52e;	crystal
&#x1f52e;	ball
&#x1f52f;	six
&#x1f52f;	pointed
&#x1f52f;	star
&#x1f52f;	with
&#x1f52f;	middle
&#x1f52f;	dot
&#x267b;	black
&#x267b;	universal
&#x267b;	recycling
&#x267b;	symbol
&#x2622;	radioactive
&#x2622;	sign
&#x2623;	biohazard
&#x2623;	sign
&#x26a1;	high
&#x26a1;	voltage
&#x26a1;	sign
&#x2b50;	white
&#x2b50;	medium
&#x2b50;	star
&#x2b55;	heavy
&#x2b55;	large
&#x2b55;	circle
&#x2705;	white
&#x2705;	heavy
&#x2705;	check
&#x2705;	mark
&#x2611;	ballot
&#x2611;	box
&#x2611;	with
&#x2611;	check
&#x2714;	heavy
&#x2714;	check
&#x2714;	mark
&#x2716;	heavy
&#x2716;	multiplication
&#x2716;	x
&#x274c;	cross
&#x274c;	mark
&#x274e;	negative
&#x274e;	squared
&#x274e;	cross
&#x274e;	mark
&#x2795;	heavy
&#x2795;	plus
&#x2795;	sign
&#x2796;	heavy
&#x2796;	minus
&#x2796;	sign
&#x2797;	heavy
&#x2797;	division
&#x2797;	sign
&#x27b0;	curly
&#x27b0;	loop
&#x27bf;	double
&#x27bf;	curly
&#x27bf;	loop
&#x303d;	part
&#x303d;	alternation
&#x303d;	mark
&#x2733;	eight
&#x2733;	spoked
&#x2733;	asterisk
&#x2734;	eight
&#x2734;	pointed
&#x2734;	black
&#x2734;	star
&#x2747;	sparkle
&#x203c;	double
&#x203c;	exclamation
&#x203c;	mark
&#x2049;	exclamation
&#x2049;	question
&#x2049;	mark
&#x2753;	black
&#x2753;	question
&#x2753;	mark
&#x2753;	ornament
&#x2754;	white
&#x2754;	question
&#x2754;	mark
&#x2754;	ornament
&#x2755;	white
&#x2755;	exclamation
&#x2755;	mark
&#x2755;	ornament
&#x2757;	heavy
&#x2757;	exclamation
&#x2757;	mark
&#x2757;	symbol
&#x3030;	wavy
&#x3030;	dash
&#x00a9;	copyright
&#x00a9;	sign
&#x00ae;	registered
&#x00ae;	sign
&#x2122;	trade
&#x2122;	mark
&#x2122;	sign
&#x1f4af;	hundred
&#x1f4af;	points
&#x1f4af;	symbol
&#x1f51e;	no
&#x1f51e;	one
&#x1f51e;	under
&#x1f51e;	eighteen
&#x1f51e;	symbol
&#x1f520;	input
&#x1f520;	symbol
&#x1f520;	for
&#x1f520;	latin
&#x1f520;	capital
&#x1f520;	letters
&#x1f521;	input
&#x1f521;	symbol
&#x1f521;	for
&#x1f521;	latin
&#x1f521;	small
&#x1f521;	letters
&#x1f522;	input
&#x1f522;	symbol
&#x1f522;	for
&#x1f522;	numbers
&#x1f523;	input
&#x1f523;	symbol
&#x1f523;	for
&#x1f523;	symbols
&#x1f524;	input
&#x1f524;	symbol
&#x1f524;	for
&#x1f524;	latin
&#x1f524;	letters
&#x1f170;	negative
&#x1f170;	squared
&#x1f170;	latin
&#x1f170;	capital
&#x1f170;	letter
&#x1f170;	a
&#x1f18e;	negative
&#x1f18e;	squared
&#x1f18e;	ab
&#x1f171;	negative
&#x1f171;	squared
&#x1f171;	latin
&#x1f171;	capital
&#x1f171;	letter
&#x1f171;	b
&#x1f191;	squared
&#x1f191;	cl
&#x1f192;	squared
&#x1f192;	cool
&#x1f193;	squared
&#x1f193;	free
&#x2139;	information
&#x2139;	source
&#x1f194;	squared
&#x1f194;	id
&#x24c2;	circled
&#x24c2;	latin
&#x24c2;	capital
&#x24c2;	letter
&#x24c2;	m
&#x1f195;	squared
&#x1f195;	new
&#x1f196;	squared
&#x1f196;	ng
&#x1f17e;	negative
&#x1f17e;	squared
&#x1f17e;	latin
&#x1f17e;	capital
&#x1f17e;	letter
&#x1f17e;	o
&#x1f197;	squared
&#x1f197;	ok
&#x1f17f;	negative
&#x1f17f;	squared
&#x1f17f;	latin
&#x1f17f;	capital
&#x1f17f;	letter
&#x1f17f;	p
&#x1f198;	squared
&#x1f198;	sos
&#x1f199;	squared
&#x1f199;	up
&#x1f199;	with
&#x1f199;	exclamation
&#x1f199;	mark
&#x1f19a;	squared
&#x1f19a;	vs
&#x1f201;	squared
&#x1f201;	katakana
&#x1f201;	koko
&#x1f202;	squared
&#x1f202;	katakana
&#x1f202;	sa
&#x1f239;	squared
&#x1f239;	cjk
&#x1f239;	unified
&#x1f239;	ideograph-5272
&#x1f251;	circled
&#x1f251;	ideograph
&#x1f251;	accept
&#x1f234;	squared
&#x1f234;	cjk
&#x1f234;	unified
&#x1f234;	ideograph-5408
&#x1f23a;	squared
&#x1f23a;	cjk
&#x1f23a;	unified
&#x1f23a;	ideograph-55b6
&#x1f250;	circled
&#x1f250;	ideograph
&#x1f250;	advantage
&#x1f22f;	squared
&#x1f22f;	cjk
&#x1f22f;	unified
&#x1f22f;	ideograph-6307
&#x1f237;	squared
&#x1f237;	cjk
&#x1f237;	unified
&#x1f237;	ideograph-6708
&#x1f236;	squared
&#x1f236;	cjk
&#x1f236;	unified
&#x1f236;	ideograph-6709
&#x1f235;	squared
&#x1f235;	cjk
&#x1f235;	unified
&#x1f235;	ideograph-6e80
&#x1f21a;	squared
&#x1f21a;	cjk
&#x1f21a;	unified
&#x1f21a;	ideograph-7121
&#x1f238;	squared
&#x1f238;	cjk
&#x1f238;	unified
&#x1f238;	ideograph-7533
&#x3297;	circled
&#x3297;	ideograph
&#x3297;	congratulation
&#x1f232;	squared
&#x1f232;	cjk
&#x1f232;	unified
&#x1f232;	ideograph-7981
&#x3299;	circled
&#x3299;	ideograph
&#x3299;	secret
&#x1f233;	squared
&#x1f233;	cjk
&#x1f233;	unified
&#x1f233;	ideograph-7a7a
&#x25aa;	black
&#x25aa;	small
&#x25aa;	square
&#x25ab;	white
&#x25ab;	small
&#x25ab;	square
&#x25fb;	white
&#x25fb;	medium
&#x25fb;	square
&#x25fc;	black
&#x25fc;	medium
&#x25fc;	square
&#x25fd;	white
&#x25fd;	medium
&#x25fd;	small
&#x25fd;	square
&#x25fe;	black
&#x25fe;	medium
&#x25fe;	small
&#x25fe;	square
&#x2b1b;	black
&#x2b1b;	large
&#x2b1b;	square
&#x2b1c;	white
&#x2b1c;	large
&#x2b1c;	square
&#x1f536;	large
&#x1f536;	orange
&#x1f536;	diamond
&#x1f537;	large
&#x1f537;	blue
&#x1f537;	diamond
&#x1f538;	small
&#x1f538;	orange
&#x1f538;	diamond
&#x1f539;	small
&#x1f539;	blue
&#x1f539;	diamond
&#x1f53a;	up-pointing
&#x1f53a;	red
&#x1f53a;	triangle
&#x1f53b;	down-pointing
&#x1f53b;	red
&#x1f53b;	triangle
&#x1f4a0;	diamond
&#x1f4a0;	shape
&#x1f4a0;	with
&#x1f4a0;	a
&#x1f4a0;	dot
&#x1f4a0;	inside
&#x1f518;	radio
&#x1f518;	button
&#x1f532;	black
&#x1f532;	square
&#x1f532;	button
&#x1f533;	white
&#x1f533;	square
&#x1f533;	button
&#x26aa;	medium
&#x26aa;	white
&#x26aa;	circle
&#x26ab;	medium
&#x26ab;	black
&#x26ab;	circle
&#x1f534;	large
&#x1f534;	red
&#x1f534;	circle
&#x1f535;	large
&#x1f535;	blue
&#x1f535;	circle
